ticker,in_universe,cf_row_count,fin_row_count,true_dup,multisrc_only,yoy_spike_50,zero_cf_only_fin,zero_both,is_named_6
20MICRONS,False,82,39,False,True,False,False,False,False
21STCENMGM,False,71,36,False,True,True,False,False,False
360ONE,True,73,27,False,True,False,False,False,False
3IINFOLTD,False,54,19,False,True,False,False,False,False
3IINFOTECH,False,22,15,False,False,True,False,False,False
3MINDIA,True,80,38,False,True,False,False,False,False
3PLAND,False,83,34,False,True,True,False,False,False
5PAISA,False,79,32,False,True,True,False,False,False
63MOONS,False,78,37,False,True,True,False,False,False
A2ZINFRA,False,79,35,False,True,False,False,False,False
AAATECH,False,47,13,False,True,True,False,False,False
AADHARHFC,False,35,9,False,True,False,False,False,False
AAKASH,False,63,22,False,True,True,False,False,False
AAREYDRUGS,False,60,19,False,True,False,False,False,False
AARON,False,64,21,False,True,True,False,False,False
AARTECH,False,41,11,False,True,True,False,False,False
AARTIDRUGS,False,80,38,False,True,False,False,False,False
AARTIIND,False,77,35,False,True,True,False,False,False
AARTIPHARM,False,42,13,False,True,True,False,False,False
AARTISURF,False,67,24,False,True,False,False,False,False
AARVI,False,70,26,False,True,True,False,False,False
AAVAS,False,85,30,False,True,True,False,False,False
ABAN,False,79,35,False,True,False,False,False,False
ABB,True,76,43,False,False,True,False,False,True
ABBOTINDIA,True,25,5,False,False,False,False,False,False
ABCAPITAL,True,80,32,False,True,True,False,False,False
ABCOTS,False,24,5,False,False,False,False,False,False
ABDL,False,34,9,False,True,True,False,False,False
ABFRL,False,74,37,False,True,True,False,False,False
ABINFRA,False,24,6,False,False,True,False,False,False
ABLBL,False,3,2,False,False,False,False,False,False
ABMINTLLTD,False,52,18,False,True,False,False,False,False
ABMINTLTD,False,25,18,False,False,True,False,False,False
ABREL,False,77,36,False,True,True,False,False,False
ABSLAMC,True,59,19,False,True,False,False,False,False
ACC,True,75,39,False,True,True,False,False,False
ACCELYA,False,71,41,False,False,False,False,False,False
ACCURACY,False,65,22,False,True,True,False,False,False
ACE,False,81,39,False,True,False,False,False,False
ACEINTEG,False,48,13,False,True,True,False,False,False
ACI,False,48,14,False,True,False,False,False,False
ACL,False,40,10,False,True,True,False,False,False
ACLGATI,False,62,37,False,False,True,False,False,False
ACMESOLAR,False,23,7,False,False,False,False,False,False
ACUTAAS,False,58,18,False,True,False,False,False,False
ADANIENSOL,True,77,36,False,True,True,False,False,True
ADANIENT,True,83,36,False,True,True,False,False,False
ADANIGREEN,True,78,36,False,True,True,False,False,False
ADANIPORTS,True,82,35,False,True,True,False,False,False
ADANIPOWER,True,83,36,False,True,False,False,False,False
ADFFOODS,False,81,38,False,True,True,False,False,False
ADL,False,67,23,False,True,False,False,False,False
ADOR,False,81,39,False,True,False,False,False,False
ADROITINFO,False,79,36,False,True,True,False,False,False
ADSL,False,76,33,False,True,True,False,False,False
ADVAIT,False,20,5,False,False,True,False,False,False
ADVANCE,False,17,5,False,False,True,False,False,False
ADVANIHOTR,False,82,39,False,True,True,False,False,False
ADVENTHTL,False,10,3,False,False,False,False,False,False
ADVENZYMES,False,82,39,False,True,True,False,False,False
AEGISLOG,True,82,39,False,True,True,False,False,False
AEGISVOPAK,False,16,5,False,False,True,False,False,False
AEPL,False,20,4,False,False,True,False,False,False
AEQUS,False,14,4,False,False,False,False,False,False
AEROENTER,False,48,14,False,True,False,False,False,False
AEROFLEX,False,40,12,False,True,False,False,False,False
AERONEU,False,47,14,False,True,False,False,False,False
AETHER,False,52,15,False,True,False,False,False,False
AFCONS,False,23,7,False,False,False,False,False,False
AFFLE,False,71,29,False,True,True,False,False,False
AFFORDABLE,False,25,6,False,False,False,False,False,False
AFIL,False,31,9,False,True,False,False,False,False
AFSL,False,48,14,False,True,True,False,False,False
AGARIND,False,78,34,False,True,True,False,False,False
AGARWALEYE,False,21,6,False,False,False,False,False,False
AGI,False,81,39,False,True,True,False,False,False
AGIIL,False,28,8,False,False,False,False,False,False
AGRITECH,False,76,34,False,True,True,False,False,False
AGROPHOS,False,69,32,False,True,True,False,False,False
AGSTRA,False,49,16,False,True,False,False,False,False
AHCL,False,20,4,False,False,True,False,False,False
AHLADA,False,61,22,False,True,True,False,False,False
AHLEAST,False,80,36,False,True,True,False,False,False
AHLUCONT,False,82,38,False,True,True,False,False,False
AHLWEST,False,87,38,False,True,True,False,False,False
AIAENG,True,77,34,False,True,False,False,False,False
AIIL,True,34,9,False,True,True,False,False,False
AIRAN,False,72,28,False,True,False,False,False,False
AIROLAM,False,53,17,False,True,False,False,False,False
AJANTPHARM,True,78,36,False,True,False,False,False,False
AJAXENGG,False,22,6,False,False,True,False,False,False
AJMERA,False,81,38,False,True,True,False,False,False
AJOONI,False,60,20,False,True,False,False,False,False
AJRINFRA,False,78,33,False,True,True,False,False,False
AKASH,False,71,27,False,True,False,False,False,False
AKG,False,66,21,False,True,True,False,False,False
AKI,False,41,12,False,True,False,False,False,False
AKSHAR,False,55,17,False,True,False,False,False,False
AKSHARCHEM,False,81,39,False,True,True,False,False,False
AKSHOPTFBR,False,81,37,False,True,False,False,False,False
AKUMS,False,28,8,False,False,False,False,False,False
AKZOINDIA,True,24,5,False,False,False,False,False,False
ALANKIT,False,76,34,False,True,True,False,False,False
ALBERTDAVD,False,82,39,False,True,True,False,False,False
ALEMBICLTD,False,80,37,False,True,True,False,False,False
ALGOQUANT,False,20,5,False,False,True,False,False,False
ALICON,False,74,33,False,True,False,False,False,False
ALIVUS,False,59,20,False,True,False,False,False,False
ALKALI,False,78,34,False,True,True,False,False,False
ALKEM,True,84,36,False,True,False,False,False,False
ALKYLAMINE,False,79,37,False,True,False,False,False,False
ALLCARGO,False,80,37,False,True,True,False,False,False
ALLDIGI,False,78,37,False,True,True,False,False,False
ALLTIME,False,19,5,False,False,False,False,False,False
ALMONDZ,False,83,34,False,True,True,False,False,False
ALOKINDS,False,70,28,False,True,True,False,False,False
ALPA,False,82,39,False,True,True,False,False,False
ALPHAGEO,False,80,37,False,True,True,False,False,False
ALPSINDUS,False,79,36,False,True,True,False,False,False
AMAGI,False,11,4,False,False,False,False,False,False
AMANTA,False,20,5,False,False,False,False,False,False
AMBALALSA,False,0,5,False,False,False,False,False,False
AMBER,True,84,37,False,True,True,False,False,False
AMBICAAGAR,False,81,38,False,True,True,False,False,False
AMBIKCO,False,82,38,False,True,True,False,False,False
AMBUJACEM,True,73,37,False,True,True,False,False,False
AMDIND,False,79,37,False,True,True,False,False,False
AMIRCHAND,False,10,3,False,False,False,False,False,False
AMJLAND,False,132,39,True,False,True,False,False,False
AMNPLST,False,44,9,True,False,False,False,False,False
AMRUTANJAN,False,139,39,True,False,True,False,False,False
ANANDRATHI,True,89,18,True,False,False,False,False,False
ANANTRAJ,True,129,34,True,False,True,False,False,True
ANDHRACEMT,False,61,25,True,False,True,False,False,False
ANDHRAPAP,False,137,39,True,False,True,False,False,False
ANDHRSUGAR,False,117,31,True,False,True,False,False,False
ANDREWYU,False,20,4,False,False,False,False,False,False
ANGELONE,True,113,24,True,False,True,False,False,False
ANIKINDS,False,125,31,True,False,True,False,False,False
ANKITMETAL,False,99,30,True,False,True,False,False,False
ANMOL,False,95,20,True,False,False,False,False,False
ANSALAPI,False,121,32,True,False,True,False,False,False
ANSALHSG,False,60,23,True,False,True,False,False,False
ANTELOPUS,False,131,35,True,False,True,False,False,False
ANTGRAPHIC,False,108,29,True,False,False,False,False,False
ANTHEM,True,20,5,False,False,False,False,False,False
ANUHPHR,False,23,6,False,False,False,False,False,False
ANUP,False,125,31,True,False,False,False,False,False
ANURAS,False,102,21,True,False,True,False,False,False
APARINDS,True,130,34,True,False,True,False,False,False
APCL,False,130,34,True,False,True,False,False,False
APCOTEXIND,False,139,39,True,False,True,False,False,False
APEX,False,132,35,True,False,False,False,False,False
APLAB,False,0,4,False,False,False,False,False,False
APLAPOLLO,True,139,38,True,False,True,False,False,False
APLLTD,False,128,35,True,False,False,False,False,False
APOLLO,False,134,37,True,False,True,False,False,False
APOLLOHOSP,True,137,36,True,False,False,False,False,False
APOLLOPIPE,False,114,27,True,False,True,False,False,False
APOLLOTYRE,True,138,36,True,False,False,False,False,False
APOLSINHOT,False,133,35,True,False,True,False,False,False
APTECHT,False,131,35,True,False,True,False,False,False
APTUS,False,101,18,True,False,False,False,False,False
AQYLON,False,42,7,True,False,True,False,False,False
ARCHIDPLY,False,131,35,True,False,False,False,False,False
ARCHIES,False,138,38,True,False,True,False,False,False
ARE&M,False,24,5,False,False,False,False,False,False
ARENTERP,False,123,34,True,False,True,False,False,False
ARFIN,False,20,5,False,False,False,False,False,False
ARIES,False,135,36,True,False,False,False,False,False
ARIHANT,False,51,23,True,False,True,False,False,False
ARIHANTCAP,False,113,22,True,False,True,False,False,False
ARIHANTSUP,False,135,38,True,False,False,False,False,False
ARIS,False,20,5,False,False,True,False,False,False
ARKADE,False,32,8,False,False,True,False,False,False
ARMANFIN,False,139,33,True,False,True,False,False,False
AROGRANITE,False,131,35,True,False,False,False,False,False
ARROWGREEN,False,131,35,True,False,True,False,False,False
ARSHIYA,False,116,33,True,False,True,False,False,False
ARSSBL,False,19,5,False,False,False,False,False,False
ARSSINFRA,False,137,37,True,False,False,False,False,False
ARTEMISMED,False,97,26,True,False,False,False,False,False
ARTNIRMAN,False,90,18,True,False,True,False,False,False
ARVEE,False,97,20,True,False,True,False,False,False
ARVIND,False,129,35,True,False,True,False,False,False
ARVINDFASN,False,119,32,True,False,True,False,False,False
ARVSMART,False,133,36,True,False,True,False,False,False
ASAHIINDIA,False,134,37,True,False,False,False,False,False
ASAHISONG,False,139,38,True,False,True,False,False,False
ASAL,False,131,35,True,False,True,False,False,False
ASALCBR,False,117,28,True,False,False,False,False,False
ASHAPURMIN,False,137,38,True,False,True,False,False,False
ASHIANA,False,129,32,True,False,True,False,False,False
ASHIMASYN,False,139,39,True,False,True,False,False,False
ASHOKA,False,130,35,True,False,True,False,False,False
ASHOKAMET,False,57,12,True,False,False,False,False,False
ASHOKLEY,True,134,34,True,False,True,False,False,False
ASIANENE,False,84,18,True,False,True,False,False,False
ASIANHOTNR,False,135,36,True,False,True,False,False,False
ASIANPAINT,True,138,37,True,False,False,False,False,False
ASIANTILES,False,131,34,True,False,False,False,False,False
ASKAUTOLTD,False,54,11,True,False,False,False,False,False
ASMS,False,69,12,True,False,False,False,False,False
ASPINWALL,False,133,35,True,False,False,False,False,False
ASTEC,False,130,36,True,False,False,False,False,False
ASTERDM,True,140,39,True,False,True,False,False,False
ASTRAL,True,139,37,True,False,False,False,False,False
ASTRAMICRO,False,139,39,True,False,True,False,False,False
ASTRAZEN,True,139,39,True,False,True,False,False,False
ASTRON,False,135,36,True,False,True,False,False,False
ATALREAL,False,57,12,True,False,True,False,False,False
ATAM,False,69,12,True,False,True,False,False,False
ATGL,True,121,33,True,False,True,False,False,False
ATHERENERG,False,16,5,False,False,True,False,False,False
ATL,False,47,10,True,False,False,False,False,False
ATLANTAA,False,131,36,True,False,True,False,False,False
ATLANTAELE,False,20,5,False,False,True,False,False,False
ATLASCYCLE,False,151,37,True,False,True,False,False,False
ATUL,False,114,29,True,False,False,False,False,False
ATULAUTO,False,131,35,True,False,True,False,False,False
AUBANK,True,78,29,True,False,True,False,False,False
AURIGROW,False,94,21,True,False,True,False,False,False
AURIONPRO,False,138,39,True,False,True,False,False,False
AUROPHARMA,True,131,33,True,False,True,False,False,False
AURUM,False,128,36,True,False,True,False,False,False
AUSOMENT,False,133,35,True,False,True,False,False,False
AUTOAXLES,False,138,39,True,False,True,False,False,False
AUTOIND,False,135,37,True,False,True,False,False,False
AVADHSUGAR,False,129,36,True,False,True,False,False,False
AVALON,False,69,13,True,False,False,False,False,False
AVANTEL,False,27,7,False,False,False,False,False,False
AVANTIFEED,False,130,35,True,False,True,False,False,False
AVG,False,57,11,True,False,False,False,False,False
AVL,False,30,7,False,False,False,False,False,False
AVONMORE,False,71,13,True,False,True,False,False,False
AVROIND,False,79,15,True,False,False,False,False,False
AVTNPL,False,139,38,True,False,True,False,False,False
AWFIS,False,46,9,True,False,True,False,False,False
AWHCL,False,105,22,True,False,False,False,False,False
AWL,True,88,18,True,False,False,False,False,False
AXISBANK,True,94,33,True,False,False,False,False,False
AXISCADES,False,131,35,True,False,True,False,False,False
AXITA,False,79,16,True,False,True,False,False,False
AYE,False,15,5,False,False,True,False,False,False
AYMSYNTEX,False,135,38,True,False,True,False,False,False
AZAD,False,48,10,True,False,False,False,False,False
BAFNAPH,False,115,26,True,False,True,False,False,False
BAGFILMS,False,131,34,True,False,False,False,False,False
BAIDFIN,False,71,13,True,False,False,False,False,False
BAJAJ-AUTO,True,136,36,True,False,False,False,False,False
BAJAJCON,False,129,35,True,False,False,False,False,False
BAJAJELEC,False,134,37,True,False,False,False,False,False
BAJAJFINSV,True,148,34,True,False,True,False,False,False
BAJAJHCARE,False,86,17,True,False,False,False,False,False
BAJAJHFL,True,29,7,False,False,False,False,False,False
BAJAJHIND,False,139,38,True,False,False,False,False,False
BAJAJHLDNG,True,144,32,True,False,True,False,False,True
BAJAJINDEF,False,16,4,False,False,False,False,False,False
BAJEL,False,47,9,True,False,True,False,False,False
BAJFINANCE,True,144,32,True,False,True,False,False,False
BALAJEE,False,33,7,False,False,False,False,False,False
BALAJITELE,False,135,37,True,False,True,False,False,False
BALAMINES,False,139,39,True,False,True,False,False,False
BALAXI,False,133,36,True,False,True,False,False,False
BALKRISHNA,False,135,38,True,False,True,False,False,False
BALKRISIND,True,138,39,True,False,False,False,False,False
BALMLAWRIE,False,123,34,True,False,True,False,False,False
BALPHARMA,False,124,33,True,False,False,False,False,False
BALRAMCHIN,False,135,37,True,False,False,False,False,False
BALUFORGE,False,46,8,True,False,True,False,False,False
BANARBEADS,False,129,33,True,False,False,False,False,False
BANARISUG,False,135,36,True,False,False,False,False,False
BANCOINDIA,False,137,38,True,False,False,False,False,False
BANDHANBNK,True,85,30,True,False,False,False,False,False
BANG,False,135,36,True,False,False,False,False,False
BANKA,False,107,23,True,False,False,False,False,False
BANKBARODA,True,88,30,True,False,False,False,False,False
BANKINDIA,True,85,32,True,False,False,False,False,False
BANSALWIRE,False,32,8,False,False,False,False,False,False
BANSWRAS,False,139,39,True,False,True,False,False,False
BASF,False,133,37,True,False,False,False,False,False
BASML,False,133,35,True,False,True,False,False,False
BATAINDIA,False,139,37,True,False,False,False,False,False
BATLIBOI,False,0,5,False,False,True,False,False,False
BAYERCROP,False,20,5,False,False,False,False,False,False
BBL,False,138,39,True,False,True,False,False,False
BBOX,False,128,36,True,False,True,False,False,False
BBTC,False,139,37,True,False,True,False,False,False
BBTCL,False,77,14,True,False,False,False,False,False
BCG,False,132,35,True,False,True,False,False,False
BCLIND,False,103,22,True,False,False,False,False,False
BCONCEPTS,False,89,18,True,False,True,False,False,False
BCP,False,0,4,False,False,False,False,False,False
BCPL,False,20,5,False,False,True,False,False,False
BDL,True,132,36,True,False,False,False,False,False
BEARDSELL,False,141,39,True,False,False,False,False,False
BECTORFOOD,False,105,23,True,False,False,False,False,False
BEDMUTHA,False,135,36,True,False,True,False,False,False
BEL,True,134,37,True,False,False,False,False,False
BELLACASA,False,20,4,False,False,True,False,False,False
BELRISE,False,20,5,False,False,False,False,False,False
BEML,True,126,33,True,False,False,False,False,False
BEPL,False,126,34,True,False,False,False,False,False
BERGEPAINT,True,137,36,True,False,False,False,False,False
BESTAGRO,False,46,8,True,False,False,False,False,False
BETA,False,15,5,False,False,False,False,False,False
BFINVEST,False,143,32,True,False,True,False,False,False
BFUTILITIE,False,135,36,True,False,True,False,False,False
BGLOBAL,False,113,29,True,False,True,False,False,False
BGRENERGY,False,129,34,True,False,True,False,False,False
BHAGCHEM,False,88,19,True,False,False,False,False,False
BHAGERIA,False,128,35,True,False,False,False,False,False
BHAGYANGR,False,134,36,True,False,True,False,False,False
BHAGYAPROP,False,69,24,True,False,True,False,False,False
BHANDARI,False,129,33,True,False,False,False,False,False
BHARATCOAL,False,11,4,False,False,False,False,False,False
BHARATFORG,True,129,34,True,False,True,False,False,False
BHARATGEAR,False,137,37,True,False,True,False,False,False
BHARATRAS,False,131,34,True,False,False,False,False,False
BHARATSE,False,20,5,False,False,True,False,False,False
BHARATWIRE,False,131,37,True,False,True,False,False,False
BHARTIARTL,True,140,34,True,False,True,False,False,False
BHARTIHEXA,True,47,9,True,False,False,False,False,False
BHEL,True,134,37,True,False,False,False,False,False
BIGBLOC,False,133,36,True,False,True,False,False,False
BIKAJI,False,77,15,True,False,False,False,False,False
BIL,False,139,38,True,False,False,False,False,False
BILVYAPAR,False,119,33,True,False,True,False,False,False
BIMETAL,False,0,4,False,False,False,False,False,False
BIOCON,True,132,34,True,False,True,False,False,False
BIOFILCHEM,False,131,34,True,False,False,False,False,False
BIRLACABLE,False,135,36,True,False,True,False,False,False
BIRLACORPN,False,139,39,True,False,True,False,False,False
BIRLAMONEY,False,134,32,True,False,False,False,False,False
BIRLANU,False,126,33,True,False,True,False,False,False
BIRLATYRE,False,57,16,True,False,True,False,False,False
BLACKBUCK,False,29,7,False,False,True,False,False,False
BLAL,False,39,11,True,False,False,False,False,False
BLBLIMITED,False,139,38,True,False,True,False,False,False
BLISSGVS,False,135,38,True,False,True,False,False,False
BLKASHYAP,False,139,38,True,False,True,False,False,False
BLS,False,135,37,True,False,True,False,False,False
BLSE,False,49,10,True,False,True,False,False,False
BLUECHIP,False,127,36,True,False,True,False,False,False
BLUECOAST,False,93,35,True,False,True,False,False,False
BLUEDART,False,133,37,True,False,False,False,False,False
BLUEJET,False,54,11,True,False,False,False,False,False
BLUESTARCO,True,134,37,True,False,True,False,False,False
BLUESTONE,False,16,5,False,False,True,False,False,False
BLUSPRING,False,6,2,False,False,False,False,False,False
BMWVENTLTD,False,17,4,False,False,False,False,False,False
BODALCHEM,False,141,40,True,False,True,False,False,False
BOHRAIND,False,46,11,True,False,False,False,False,False
BOMDYEING,False,133,37,True,False,True,False,False,False
BONLON,False,20,4,False,False,False,False,False,False
BORANA,False,17,5,False,False,True,False,False,False
BOROLTD,False,111,25,True,False,False,False,False,False
BORORENEW,False,129,37,True,False,True,False,False,False
BOROSCI,False,30,7,False,False,True,False,False,False
BOSCH-HCIL,False,137,38,True,False,True,False,False,False
BOSCHLTD,True,136,35,True,False,False,False,False,False
BPCL,True,137,36,True,False,False,False,False,False
BPL,False,141,38,True,False,True,False,False,False
BRFL,False,66,22,True,False,True,False,False,False
BRIGADE,True,134,37,True,False,True,False,False,False
BRIGHOTEL,False,16,5,False,False,True,False,False,False
BRITANNIA,True,137,37,True,False,False,False,False,False
BRNL,False,127,34,True,False,True,False,False,False
BROOKS,False,135,36,True,False,False,False,False,False
BSE,True,135,36,True,False,True,False,False,False
BSELINFRA,False,39,17,True,False,True,False,False,False
BSHSL,False,105,24,True,False,False,False,False,False
BSL,False,135,37,True,False,False,False,False,False
BSOFT,False,134,37,True,False,True,False,False,False
BTML,False,69,12,True,False,True,False,False,False
BTTL,False,0,5,False,False,True,False,False,False
BUILDPRO,False,2,2,False,False,False,False,False,False
BURNPUR,False,130,35,True,False,True,False,False,False
BUTTERFLY,False,135,37,True,False,False,False,False,False
BVCL,False,131,34,True,False,False,False,False,False
BYKE,False,139,39,True,False,True,False,False,False
CALSOFT,False,133,36,True,False,True,False,False,False
CAMLINFINE,False,133,36,True,False,True,False,False,False
CAMPUS,False,86,17,True,False,False,False,False,False
CAMS,True,99,20,True,False,False,False,False,False
CANBK,True,90,31,True,False,False,False,False,False
CANFINHOME,False,127,26,True,False,True,False,False,False
CANHLIFE,False,5,2,False,False,False,False,False,False
CANTABIL,False,139,39,True,False,True,False,False,False
CAPACITE,False,137,38,True,False,True,False,False,False
CAPILLARY,False,14,4,False,False,True,False,False,False
CAPITALSFB,False,34,10,True,False,False,False,False,False
CAPLIPOINT,False,134,37,True,False,True,False,False,False
CAPTRUST,False,147,35,True,False,False,False,False,False
CARBORUNIV,False,132,37,True,False,True,False,False,False
CARERATING,False,139,39,True,False,True,False,False,False
CARRARO,False,23,6,False,False,False,False,False,False
CARTRADE,False,90,18,True,False,False,False,False,False
CARYSIL,False,100,23,True,False,True,False,False,False
CASTROLIND,True,119,42,True,False,True,False,False,False
CCAVENUE,False,133,35,True,False,True,False,False,False
CCCL,False,129,35,True,False,True,False,False,False
CCHHL,False,135,36,True,False,True,False,False,False
CCL,False,132,37,True,False,False,False,False,False
CDSL,True,129,33,True,False,True,False,False,False
CEATLTD,False,126,33,True,False,False,False,False,False
CEIGALL,False,33,8,False,False,True,False,False,False
CEINSYS,False,20,5,False,False,True,False,False,False
CELEBRITY,False,135,37,True,False,True,False,False,False
CELLO,False,50,11,True,False,False,False,False,False
CEMPRO,False,128,34,True,False,True,False,False,False
CENTENKA,False,135,37,True,False,True,False,False,False
CENTEXT,False,140,38,True,False,True,False,False,False
CENTRALBK,True,85,31,True,False,False,False,False,False
CENTRUM,False,143,33,True,False,True,False,False,False
CENTUM,False,135,37,True,False,True,False,False,False
CENTURYPLY,False,133,36,True,False,False,False,False,False
CERA,False,142,38,True,False,True,False,False,False
CEREBRAINT,False,135,36,True,False,True,False,False,False
CESC,True,141,38,True,False,True,False,False,False
CEWATER,False,30,7,False,False,False,False,False,False
CGCL,False,140,33,True,False,True,False,False,False
CGPOWER,True,132,36,True,False,True,False,False,False
CHALET,False,124,32,True,False,True,False,False,False
CHAMBLFERT,False,131,36,True,False,True,False,False,False
CHEMBOND,False,116,28,True,False,True,False,False,False
CHEMBONDCH,False,16,5,False,False,False,False,False,False
CHEMCON,False,109,24,True,False,False,False,False,False
CHEMFAB,False,123,33,True,False,True,False,False,False
CHEMPLASTS,False,93,19,True,False,False,False,False,False
CHENNPETRO,False,132,37,True,False,True,False,False,False
CHEVIOT,False,79,16,True,False,False,False,False,False
CHOICEIN,False,84,16,True,False,True,False,False,False
CHOLAFIN,True,147,34,True,False,False,False,False,False
CHOLAHLDNG,True,145,34,True,False,True,False,False,False
CIEINDIA,False,121,41,True,False,True,False,False,False
CIFL,False,20,5,False,False,False,False,False,False
CIGNITITEC,False,108,32,True,False,True,False,False,False
CINELINE,False,135,37,True,False,True,False,False,False
CINEVISTA,False,118,34,True,False,True,False,False,False
CIPLA,True,137,36,True,False,True,False,False,False
CLCIND,False,60,17,True,False,True,False,False,False
CLEAN,False,94,20,True,False,False,False,False,False
CLEANMAX,False,11,4,False,False,False,False,False,False
CLEDUCATE,False,139,38,True,False,False,False,False,False
CLSEL,False,102,22,True,False,False,False,False,False
CMICABLES,False,116,30,True,False,True,False,False,False
CMPDI,False,12,4,False,False,False,False,False,False
CMSINFO,False,88,18,True,False,False,False,False,False
CNL,False,121,30,True,False,True,False,False,False
COALINDIA,True,139,37,True,False,False,False,False,False
COASTCORP,False,91,17,True,False,False,False,False,False
COCHINSHIP,True,139,39,True,False,True,False,False,False
COCKERILL,False,0,4,False,False,False,False,False,False
COFFEEDAY,False,116,28,True,False,True,False,False,False
COFORGE,True,137,37,True,False,False,False,False,False
COHANCE,False,115,27,True,False,True,False,False,False
COLPAL,True,137,37,True,False,False,False,False,False
COMPINFO,False,85,29,True,False,True,False,False,False
COMPUSOFT,False,139,38,True,False,True,False,False,False
COMSYN,False,44,9,True,False,False,False,False,False
CONCOR,True,133,36,True,False,True,False,False,False
CONCORDBIO,False,57,11,True,False,False,False,False,False
CONFIPET,False,121,29,True,False,True,False,False,False
CONSOFINVT,False,115,27,True,False,True,False,False,False
CONTROLPR,False,132,36,True,False,False,False,False,False
CORALFINAC,False,139,39,True,False,True,False,False,False
CORDSCABLE,False,139,38,True,False,True,False,False,False
COROMANDEL,True,128,34,True,False,True,False,False,False
CORONA,False,15,4,False,False,False,False,False,False
COSMOFIRST,False,135,37,True,False,False,False,False,False
COUNCODOS,False,131,34,True,False,True,False,False,False
CPCAP,False,135,36,True,False,True,False,False,False
CPEDU,False,18,4,False,False,True,False,False,False
CPPLUS,False,19,5,False,False,False,False,False,False
CRAFTSMAN,False,101,21,True,False,False,False,False,False
CRAMC,False,2,3,False,False,False,False,False,False
CREATIVE,False,0,4,False,False,False,False,False,False
CREATIVEYE,False,131,37,True,False,True,False,False,False
CREDITACC,True,138,31,True,False,True,False,False,False
CREST,False,145,36,True,False,True,False,False,False
CRISIL,True,121,41,True,False,True,False,False,True
CRIZAC,False,17,5,False,False,True,False,False,False
CROMPTON,True,132,37,True,False,False,False,False,False
CROWN,False,89,18,True,False,False,False,False,False
CSBBANK,False,61,21,True,False,False,False,False,False
CSLFINANCE,False,76,14,True,False,True,False,False,False
CTE,False,137,37,True,False,True,False,False,False
CUB,True,72,27,True,False,False,False,False,False
CUBEXTUB,False,139,38,True,False,True,False,False,False
CUMMINSIND,True,137,37,True,False,False,False,False,False
CUPID,False,131,35,True,False,True,False,False,False
CURAA,False,16,4,False,False,False,False,False,False
CYBERMEDIA,False,135,37,True,False,True,False,False,False
CYBERTECH,False,137,38,True,False,True,False,False,False
CYIENT,False,124,33,True,False,True,False,False,False
CYIENTDLM,False,56,12,True,False,False,False,False,False
DAAWAT,False,1,0,False,False,False,False,False,False
DABUR,True,139,37,True,False,False,False,False,False
DALBHARAT,True,121,33,True,False,False,False,False,False
DALMIASUG,False,139,39,True,False,False,False,False,False
DAMCAPITAL,False,23,6,False,False,True,False,False,False
DAMODARIND,False,136,38,True,False,True,False,False,False
DANGEE,False,105,22,True,False,True,False,False,False
DATAMATICS,False,136,38,True,False,False,False,False,False
DATAPATTNS,False,89,18,True,False,False,False,False,False
DAVANGERE,False,49,9,True,False,True,False,False,False
DBCORP,False,130,36,True,False,False,False,False,False
DBEIL,False,29,6,False,False,False,False,False,False
DBL,False,127,35,True,False,False,False,False,False
DBOL,False,72,14,True,False,True,False,False,False
DBREALTY,False,131,34,True,False,True,False,False,False
DBSTOCKBRO,False,131,36,True,False,True,False,False,False
DCAL,False,136,38,True,False,False,False,False,False
DCBBANK,False,77,27,True,False,False,False,False,False
DCI,False,70,13,True,False,True,False,False,False
DCM,False,131,34,True,False,True,False,False,False
DCMFINSERV,False,93,35,True,False,True,False,False,False
DCMNVL,False,116,30,True,False,True,False,False,False
DCMSHRIRAM,False,124,33,True,False,False,False,False,False
DCMSIL,False,0,2,False,False,False,False,False,False
DCMSRIND,False,88,19,True,False,False,False,False,False
DCW,False,135,37,True,False,True,False,False,False
DCXINDIA,False,77,15,True,False,False,False,False,False
DDEVPLSTIK,False,23,6,False,False,False,False,False,False
DECCANCE,False,131,34,True,False,False,False,False,False
DEEDEV,False,42,9,True,False,True,False,False,False
DEEPAKFERT,False,132,36,True,False,False,False,False,False
DEEPAKNTR,False,144,39,True,False,True,False,False,False
DEEPENR,False,95,29,True,False,True,False,False,False
DEEPINDS,False,103,22,True,False,True,False,False,False
DELHIVERY,False,86,17,True,False,False,False,False,False
DELPHIFX,False,137,37,True,False,True,False,False,False
DELTACORP,False,128,34,True,False,True,False,False,False
DELTAMAGNT,False,135,36,True,False,True,False,False,False
DEN,False,131,36,True,False,False,False,False,False
DENORA,False,137,38,True,False,True,False,False,False
DENTA,False,22,5,False,False,False,False,False,False
DEVIT,False,87,16,True,False,False,False,False,False
DEVX,False,20,5,False,False,True,False,False,False
DEVYANI,True,92,19,True,False,False,False,False,False
DFMFOODS,False,65,22,True,False,False,False,False,False
DGCONTENT,False,114,30,True,False,False,False,False,False
DHAMPURSUG,False,135,37,True,False,False,False,False,False
DHANBANK,False,77,27,True,False,False,False,False,False
DHANI,False,117,30,True,False,True,False,False,False
DHANUKA,False,134,37,True,False,False,False,False,False
DHARAN,False,131,34,True,False,True,False,False,False
DHARMAJ,False,71,13,True,False,False,False,False,False
DHARSUGAR,False,119,33,True,False,True,False,False,False
DHFL,False,37,11,True,False,False,False,False,False
DHRUV,False,89,17,True,False,False,False,False,False
DHUNINV,False,149,35,True,False,True,False,False,False
DIACABS,False,55,10,True,False,True,False,False,False
DIAMINESQ,False,55,11,True,False,True,False,False,False
DIAMONDYD,False,129,36,True,False,True,False,False,False
DICIND,False,129,45,True,False,True,False,False,False
DIFFNKG,False,32,8,False,False,False,False,False,False
DIGIDRIVE,False,41,9,True,False,False,False,False,False
DIGISPICE,False,133,36,True,False,True,False,False,False
DIGITIDE,False,6,2,False,False,False,False,False,False
DIGJAMLMTD,False,88,18,True,False,False,False,False,False
DIL,False,74,14,True,False,True,False,False,False
DISHTV,False,135,36,True,False,True,False,False,False
DIVGIITTS,False,64,12,True,False,False,False,False,False
DIVISLAB,True,139,37,True,False,False,False,False,False
DIXON,True,129,33,True,False,True,False,False,True
DJML,False,66,14,True,False,True,False,False,False
DLF,True,137,36,True,False,True,False,False,False
DLINKINDIA,False,137,38,True,False,False,False,False,False
DMART,True,132,37,True,False,False,False,False,False
DMCC,False,84,18,True,False,False,False,False,False
DNAMEDIA,False,137,37,True,False,True,False,False,False
DODLA,False,102,22,True,False,False,False,False,False
DOLATALGO,False,49,10,True,False,False,False,False,False
DOLLAR,False,139,39,True,False,False,False,False,False
DOLPHIN,False,54,9,True,False,True,False,False,False
DOMS,False,49,10,True,False,True,False,False,False
DONEAR,False,139,38,True,False,True,False,False,False
DPABHUSHAN,False,105,23,True,False,False,False,False,False
DPSCLTD,False,133,35,True,False,False,False,False,False
DPWIRES,False,111,24,True,False,True,False,False,False
DRCSYSTEMS,False,103,22,True,False,True,False,False,False
DREAMFOLKS,False,77,14,True,False,True,False,False,False
DREDGECORP,False,137,37,True,False,False,False,False,False
DRREDDY,True,146,37,True,False,True,False,False,False
DSFCL,False,0,2,False,False,False,False,False,False
DSSL,False,135,36,True,False,True,False,False,False
DTIL,False,20,5,False,False,False,False,False,False
DUCON,False,135,36,True,False,False,False,False,False
DVL,False,133,36,True,False,True,False,False,False
DWARKESH,False,135,37,True,False,False,False,False,False
DYCL,False,78,16,True,False,False,False,False,False
DYNAMATECH,False,139,39,True,False,True,False,False,False
DYNPRO,False,139,38,True,False,False,False,False,False
E2E,False,85,16,True,False,True,False,False,False
EASEMYTRIP,False,103,21,True,False,True,False,False,False
EASTSILK,False,136,36,True,False,True,False,False,False
EBGNG,False,20,5,False,False,True,False,False,False
ECLERX,False,134,37,True,False,False,False,False,False
ECOSMOBLTY,False,33,7,False,False,True,False,False,False
EDELWEISS,False,141,35,True,False,True,False,False,False
EDUCOMP,False,125,28,True,False,True,False,False,False
EFCIL,False,20,4,False,False,True,False,False,False
EICHERMOT,True,140,37,True,False,False,False,False,False
EIDPARRY,False,125,33,True,False,True,False,False,False
EIEL,False,27,6,False,False,True,False,False,False
EIFFL,False,81,17,True,False,False,False,False,False
EIHAHOTELS,False,133,36,True,False,True,False,False,False
EIHOTEL,False,129,34,True,False,True,False,False,False
EIMCOELECO,False,131,35,True,False,True,False,False,False
EKC,False,135,36,True,False,True,False,False,False
ELANTAS,False,0,4,False,False,False,False,False,False
ELDEHSG,False,85,16,True,False,False,False,False,False
ELECON,False,131,35,True,False,False,False,False,False
ELECTCAST,False,135,37,True,False,True,False,False,False
ELECTHERM,False,133,36,True,False,False,False,False,False
ELGIEQUIP,False,134,34,True,False,True,False,False,False
ELGIRUBCO,False,135,36,True,False,True,False,False,False
ELIN,False,71,14,True,False,False,False,False,False
ELLEN,False,5,2,False,False,False,False,False,False
ELNET,False,0,4,False,False,False,False,False,False
ELPROINTL,False,0,5,False,False,True,False,False,False
EMAMILTD,True,127,33,True,False,False,False,False,False
EMAMIPAP,False,119,28,True,False,True,False,False,False
EMAMIREAL,False,134,37,True,False,True,False,False,False
EMBDL,False,75,34,False,True,True,False,False,False
EMCURE,True,28,8,False,False,False,False,False,False
EMIL,False,51,15,False,True,False,False,False,False
EMKAY,False,87,36,False,True,True,False,False,False
EMMBI,False,73,32,False,True,True,False,False,False
EMMVEE,False,17,4,False,False,True,False,False,False
EMSLIMITED,False,39,10,False,True,False,False,False,False
EMUDHRA,False,55,17,False,True,False,False,False,False
ENDURANCE,True,80,37,False,True,True,False,False,False
ENERGYDEV,False,79,35,False,True,True,False,False,False
ENGINERSIN,False,79,36,False,True,False,False,False,False
ENIL,False,79,36,False,True,True,False,False,False
ENRIN,True,11,2,False,False,True,False,False,False
ENTERO,False,37,10,False,True,False,False,False,False
EPACK,False,37,10,False,True,True,False,False,False
EPACKPEB,False,17,5,False,False,False,False,False,False
EPIGRAL,False,58,18,False,True,False,False,False,False
EPL,False,76,33,False,True,False,False,False,False
EQUIPPP,False,55,19,False,True,True,False,False,False
EQUITAS,False,43,22,False,False,True,False,False,False
EQUITASBNK,False,42,17,False,True,False,False,False,False
ERIS,True,80,37,False,True,False,False,False,False
EROSMEDIA,False,72,33,False,True,True,False,False,False
ESABINDIA,False,78,38,False,True,True,False,False,False
ESAFSFB,False,27,10,False,True,True,False,False,False
ESCORTS,True,78,36,False,True,False,False,False,False
ESSARSHPNG,False,77,33,False,True,True,False,False,False
ESSENTIA,False,76,35,False,True,True,False,False,False
ESTER,False,81,39,False,True,True,False,False,False
ETERNAL,True,64,20,False,True,True,False,False,False
ETHOSLTD,False,52,15,False,True,False,False,False,False
EUREKAFORB,False,24,7,False,False,True,False,False,False
EUROBOND,False,20,5,False,False,True,False,False,False
EUROPRATIK,False,20,5,False,False,False,False,False,False
EUROTEXIND,False,81,37,False,True,True,False,False,False
EVEREADY,False,79,36,False,True,False,False,False,False
EVERESTIND,False,79,36,False,True,False,False,False,False
EXCEL,False,20,4,False,False,True,False,False,False
EXCELINDUS,False,81,38,False,True,True,False,False,False
EXCELSOFT,False,15,4,False,False,False,False,False,False
EXICOM,False,37,10,False,True,False,False,False,False
EXIDEIND,True,77,34,False,True,True,False,False,False
EXPLEOSOL,False,81,38,False,True,True,False,False,False
EXXARO,False,59,19,False,True,False,False,False,False
FABTECH,False,13,4,False,False,False,False,False,False
FACT,True,80,37,False,True,True,False,False,False
FAIRCHEMOR,False,65,23,False,True,True,False,False,False
FAZE3Q,False,48,14,False,True,False,False,False,False
FCL,False,81,38,False,True,True,False,False,False
FCONSUMER,False,80,36,False,True,True,False,False,False
FCSSOFT,False,73,32,False,True,False,False,False,False
FDC,False,80,37,False,True,False,False,False,False
FEDERALBNK,True,60,33,False,True,False,False,False,False
FEDFINA,False,39,11,False,True,False,False,False,False
FEL,False,38,22,False,True,True,False,False,False
FELDVR,False,34,18,False,True,True,False,False,False
FIBERWEB,False,56,16,False,True,False,False,False,False
FIEMIND,False,80,36,False,True,False,False,False,False
FILATEX,False,82,39,False,True,True,False,False,False
FILATFASH,False,35,8,False,True,False,False,False,False
FINCABLES,False,78,36,False,True,False,False,False,False
FINEORG,False,78,35,False,True,True,False,False,False
FINKURVE,False,20,4,False,False,True,False,False,False
FINOPB,False,34,12,False,True,False,False,False,False
FINPIPE,False,79,37,False,True,False,False,False,False
FIRSTCRY,False,25,8,False,False,False,False,False,False
FISCHER,False,19,4,False,False,True,False,False,False
FIVESTAR,False,47,14,False,True,False,False,False,False
FLAIR,False,40,11,False,True,True,False,False,False
FLEXITUFF,False,78,34,False,True,True,False,False,False
FLFL,False,41,24,False,True,True,False,False,False
FLUOROCHEM,False,77,29,False,True,False,False,False,False
FMGOETZE,False,79,36,False,True,True,False,False,False
FMNL,False,79,36,False,True,False,False,False,False
FOCUS,False,53,17,False,True,True,False,False,False
FOODSIN,False,57,17,False,True,True,False,False,False
FORCEMOT,True,31,8,False,True,True,False,False,False
FORTIS,True,85,37,False,True,True,False,False,False
FOSECOIND,False,68,38,False,False,True,False,False,False
FRACTAL,False,11,4,False,False,False,False,False,False
FRETAIL,False,29,20,False,False,True,False,False,False
FSC,False,34,21,False,False,True,False,False,False
FSL,False,78,36,False,True,False,False,False,False
FUSION,False,50,15,False,True,True,False,False,False
GABRIEL,False,81,38,False,True,True,False,False,False
GAEL,False,79,37,False,True,False,False,False,False
GAIL,True,83,37,False,True,True,False,False,False
GALAPREC,False,28,8,False,False,False,False,False,False
GALAXYSURF,False,80,37,False,True,True,False,False,False
GALLANTT,False,81,39,False,True,True,False,False,False
GALLISPAT,False,31,22,False,False,True,False,False,False
GANDHAR,False,40,11,False,True,False,False,False,False
GANDHITUBE,False,77,37,False,True,True,False,False,False
GANECOS,False,82,39,False,True,True,False,False,False
GANESHBE,False,56,17,False,True,False,False,False,False
GANESHCP,False,19,5,False,False,False,False,False,False
GANESHHOU,False,78,35,False,True,True,False,False,False
GANGAFORGE,False,59,18,False,True,False,False,False,False
GANGESSECU,False,86,36,False,True,True,False,False,False
GARFIBRES,False,82,39,False,True,False,False,False,False
GARUDA,False,23,7,False,False,True,False,False,False
GATECH,False,76,32,False,True,True,False,False,False
GATECHDVR,False,70,31,False,True,True,False,False,False
GATEWAY,False,50,17,False,True,False,False,False,False
GAUDIUMIVF,False,15,4,False,False,False,False,False,False
GAYAHWS,False,76,32,False,True,True,False,False,False
GAYAPROJ,False,57,28,False,True,True,False,False,False
GBGLOBAL,False,68,29,False,True,True,False,False,False
GCSL,False,20,5,False,False,True,False,False,False
GDL,False,28,19,False,False,True,False,False,False
GEECEE,False,82,39,False,True,True,False,False,False
GEEKAYWIRE,False,71,27,False,True,True,False,False,False
GEMAROMA,False,20,5,False,False,False,False,False,False
GENCON,False,64,21,False,True,True,False,False,False
GENESYS,False,77,36,False,True,True,False,False,False
GENSOL,False,28,10,False,True,True,False,False,False
GENUSPAPER,False,77,34,False,True,True,False,False,False
GENUSPOWER,False,79,38,False,True,True,False,False,False
GEOJITFSL,False,81,30,False,True,False,False,False,False
GESHIP,True,79,37,False,True,True,False,False,False
GFLLIMITED,False,77,36,False,True,True,False,False,False
GFSTEELS,False,60,28,False,True,True,False,False,False
GHCL,False,75,34,False,True,False,False,False,False
GHCLTEXTIL,False,32,9,False,True,False,False,False,False
GICHSGFIN,False,76,30,False,True,True,False,False,False
GICL,False,14,3,False,False,False,False,False,False
GICRE,True,27,5,False,False,False,False,False,False
GILLANDERS,False,82,39,False,True,False,False,False,False
GILLETTE,True,70,39,False,False,False,False,False,False
GINNIFILA,False,78,35,False,True,True,False,False,False
GIPCL,False,80,36,False,True,False,False,False,False
GKENERGY,False,19,5,False,False,True,False,False,False
GKSL,False,14,3,False,False,False,False,False,False
GKWLIMITED,False,80,36,False,True,True,False,False,False
GLAND,True,63,22,False,True,True,False,False,False
GLAXO,True,84,37,False,True,False,False,False,False
GLENMARK,True,79,35,False,True,False,False,False,False
GLFL,False,61,37,False,True,False,False,False,False
GLOBAL,False,67,22,False,True,True,False,False,False
GLOBALE,False,22,6,False,False,False,False,False,False
GLOBALVECT,False,82,38,False,True,True,False,False,False
GLOBE,False,67,23,False,True,False,False,False,False
GLOBECIVIL,False,13,3,False,False,False,False,False,False
GLOBUSSPR,False,79,36,False,True,True,False,False,False
GLOSTERLTD,False,35,8,False,True,False,False,False,False
GLOTTIS,False,12,3,False,False,True,False,False,False
GMBREW,False,77,35,False,True,True,False,False,False
GMDCLTD,True,75,34,False,True,True,False,False,False
GMMPFAUDLR,False,78,37,False,True,True,False,False,False
GMRAIRPORT,False,78,35,False,True,True,False,False,False
GMRP&UI,False,20,5,False,False,False,False,False,False
GNA,False,75,33,False,True,False,False,False,False
GNFC,False,75,32,False,True,True,False,False,False
GOACARBON,False,77,35,False,True,True,False,False,False
GOCLCORP,False,78,34,False,True,True,False,False,False
GOCOLORS,False,57,17,False,True,True,False,False,False
GODAVARIB,False,25,7,False,False,False,False,False,False
GODFRYPHLP,True,84,37,False,True,False,False,False,False
GODIGIT,True,19,5,False,False,True,False,False,False
GODREJAGRO,False,79,37,False,True,True,False,False,False
GODREJCP,True,83,36,False,True,True,False,False,False
GODREJIND,True,75,37,False,True,True,False,False,False
GODREJPROP,True,83,36,False,True,True,False,False,False
GOKEX,False,80,38,False,True,True,False,False,False
GOKUL,False,83,38,False,True,True,False,False,False
GOKULAGRO,False,80,37,False,True,False,False,False,False
GOLDENTOBC,False,28,19,False,False,True,False,False,False
GOLDIAM,False,80,37,False,True,True,False,False,False
GOLDTECH,False,78,34,False,True,True,False,False,False
GOODLUCK,False,80,37,False,True,True,False,False,False
GOODYEAR,False,20,4,False,False,False,False,False,False
GOPAL,False,37,10,False,True,False,False,False,False
GOYALALUM,False,48,13,False,True,False,False,False,False
GPIL,False,80,38,False,True,False,False,False,False
GPPL,False,78,36,False,True,False,False,False,False
GPTHEALTH,False,32,10,False,True,False,False,False,False
GPTINFRA,False,77,34,False,True,False,False,False,False
GRANULES,True,77,35,False,True,False,False,False,False
GRAPHITE,False,80,37,False,True,True,False,False,False
GRASIM,True,84,37,False,True,False,False,False,False
GRAUWEIL,False,20,5,False,False,False,False,False,False
GRAVITA,False,77,35,False,True,True,False,False,False
GREAVESCOT,False,84,37,False,True,True,False,False,False
GREENLAM,False,79,36,False,True,False,False,False,False
GREENPANEL,False,72,29,False,True,True,False,False,False
GREENPLY,False,80,37,False,True,True,False,False,False
GREENPOWER,False,79,36,False,True,False,False,False,False
GRINDWELL,False,81,34,False,True,False,False,False,False
GRINFRA,False,60,20,False,True,False,False,False,False
GRMOVER,False,51,14,False,True,False,False,False,False
GROBTEA,False,82,39,False,True,True,False,False,False
GROWW,True,4,4,False,False,False,False,False,False
GRPLTD,False,82,39,False,True,False,False,False,False
GRSE,True,74,32,False,True,True,False,False,False
GRWRHITECH,False,57,18,False,True,False,False,False,False
GSCLCEMENT,False,40,27,False,False,True,False,False,False
GSFC,False,80,37,False,True,True,False,False,False
GSLSU,False,47,13,False,True,False,False,False,False
GSPCROP,False,10,4,False,False,False,False,False,False
GSPL,False,79,35,False,True,True,False,False,False
GSS,False,80,36,False,True,False,False,False,False
GSTL,False,0,4,False,False,False,False,False,False
GTECJAINX,False,64,23,False,True,True,False,False,False
GTL,False,80,37,False,True,True,False,False,False
GTLINFRA,False,80,37,False,True,False,False,False,False
GTPL,False,81,39,False,True,True,False,False,False
GUFICBIO,False,78,34,False,True,True,False,False,False
GUJALKALI,False,78,35,False,True,True,False,False,False
GUJAPOLLO,False,80,36,False,True,True,False,False,False
GUJGASLTD,True,80,36,False,True,True,False,False,False
GUJRAFFIA,False,60,35,False,False,False,False,False,False
GUJTHEM,False,20,5,False,False,False,False,False,False
GULFOILLUB,False,82,38,False,True,True,False,False,False
GULFPETRO,False,82,38,False,True,True,False,False,False
GULPOLY,False,80,37,False,True,True,False,False,False
GVKPIL,False,78,33,False,True,True,False,False,False
GVPIL,False,79,36,False,True,False,False,False,False
GVPTECH,False,51,14,False,True,True,False,False,False
GVT&D,True,24,5,False,False,False,False,False,False
HAL,True,79,36,False,True,False,False,False,False
HALDER,False,20,4,False,False,True,False,False,False
HALEOSLABS,False,79,35,False,True,True,False,False,False
HAPPSTMNDS,False,68,24,False,True,False,False,False,False
HAPPYFORGE,False,35,10,False,True,False,False,False,False
HARDWYN,False,56,16,False,True,True,False,False,False
HARIOMPIPE,False,56,17,False,True,True,False,False,False
HARRMALAYA,False,82,38,False,True,False,False,False,False
HARSHA,False,48,14,False,True,False,False,False,False
HATHWAY,False,77,37,False,True,True,False,False,False
HATSUN,False,79,38,False,True,True,False,False,False
HAVELLS,True,83,36,False,True,False,False,False,False
HAVISHA,False,73,38,False,True,True,False,False,False
HAWKINCOOK,False,0,4,False,False,False,False,False,False
HBLENGINE,False,80,37,False,True,True,False,False,False
HBSL,False,79,32,False,True,True,False,False,False
HCC,False,78,36,False,True,True,False,False,False
HCG,False,80,37,False,True,False,False,False,False
HCL-INSYS,False,76,33,False,True,True,False,False,False
HCLTECH,True,77,36,False,True,True,False,False,False
HDBFS,True,13,4,False,False,False,False,False,False
HDFC,False,45,20,False,False,True,False,False,False
HDFCAMC,True,81,33,False,True,False,False,False,False
HDFCBANK,True,57,33,False,True,True,False,False,False
HDFCLIFE,True,27,5,False,False,False,False,False,False
HDIL,False,53,22,False,True,True,False,False,False
HEADSUP,False,78,37,False,True,True,False,False,False
HEALTHX,False,0,4,False,False,True,False,False,False
HECPROJECT,False,57,17,False,True,True,False,False,False
HEG,False,80,36,False,True,True,False,False,False
HEIDELBERG,False,78,33,False,True,False,False,False,False
HEMIPROP,False,47,21,False,True,True,False,False,False
HERANBA,False,63,21,False,True,False,False,False,False
HERCULES,False,78,35,False,True,True,False,False,False
HERITGFOOD,False,78,37,False,True,False,False,False,False
HEROMOTOCO,True,84,37,False,True,False,False,False,False
HESTERBIO,False,25,9,False,False,False,False,False,False
HEXATRADEX,False,78,37,False,True,True,False,False,False
HEXT,True,22,5,False,False,False,False,False,False
HFCL,False,77,35,False,True,False,False,False,False
HGINFRA,False,79,35,False,True,False,False,False,False
HGM,False,79,35,False,True,True,False,False,False
HGS,False,80,36,False,True,False,False,False,False
HIKAL,False,76,36,False,True,False,False,False,False
HILINFRA,False,19,4,False,False,False,False,False,False
HILTON,False,78,34,False,True,True,False,False,False
HIMATSEIDE,False,79,36,False,True,True,False,False,False
HINDALCO,True,85,37,False,True,True,False,False,False
HINDCOMPOS,False,80,37,False,True,False,False,False,False
HINDCON,False,52,20,False,True,False,False,False,False
HINDCOPPER,True,77,34,False,True,True,False,False,False
HINDMOTORS,False,71,38,False,True,True,False,False,False
HINDNATGLS,False,5,7,False,False,False,False,False,False
HINDOILEXP,False,79,35,False,True,True,False,False,False
HINDPETRO,True,84,37,False,True,False,False,False,False
HINDUNILVR,True,83,37,False,True,False,False,False,False
HINDWAREAP,False,66,28,False,True,False,False,False,False
HINDZINC,True,83,37,False,True,False,False,False,False
HIRECT,False,82,39,False,True,True,False,False,False
HISARMETAL,False,82,38,False,True,True,False,False,False
HITECH,False,79,35,False,True,True,False,False,False
HITECHCORP,False,81,38,False,True,True,False,False,False
HITECHGEAR,False,80,36,False,True,False,False,False,False
HLEGLAS,False,48,14,False,True,False,False,False,False
HLVLTD,False,71,28,False,True,True,False,False,False
HMAAGRO,False,46,13,False,True,False,False,False,False
HMT,False,80,36,False,True,True,False,False,False
HMVL,False,79,36,False,True,False,False,False,False
HNDFDS,False,41,12,False,True,False,False,False,False
HOMEFIRST,False,70,22,False,True,False,False,False,False
HONASA,False,35,11,False,True,True,False,False,False
HONAUT,True,79,37,False,True,False,False,False,False
HONDAPOWER,False,82,39,False,True,True,False,False,False
HPAL,False,57,18,False,True,False,False,False,False
HPCL,True,0,0,False,False,False,False,True,False
HPIL,False,43,13,False,True,False,False,False,False
HPL,False,80,37,False,True,False,False,False,False
HSCL,False,81,37,False,True,True,False,False,False
HTMEDIA,False,81,35,False,True,False,False,False,False
HUBTOWN,False,80,37,False,True,True,False,False,False
HUDCO,True,85,29,False,True,True,False,False,False
HUHTAMAKI,False,75,43,False,False,True,False,False,False
HYBRIDFIN,False,43,14,False,True,True,False,False,False
HYUNDAI,True,23,7,False,False,False,False,False,False
IBREALEST,False,19,4,False,False,True,False,False,False
IBULLSLTD,False,70,38,False,True,True,False,False,False
ICDSLTD,False,81,38,False,True,True,False,False,False
ICEMAKE,False,66,23,False,True,True,False,False,False
ICICIAMC,True,19,4,False,False,False,False,False,False
ICICIBANK,True,67,37,False,True,False,False,False,False
ICICIGI,True,27,5,False,False,False,False,False,False
ICICIPRULI,True,22,5,False,False,True,False,False,False
ICIL,False,78,35,False,True,False,False,False,False
ICRA,False,74,35,False,True,False,False,False,False
IDBI,True,58,32,False,True,False,False,False,False
IDEA,False,73,32,False,True,False,False,False,False
IDEAFORGE,False,40,12,False,True,True,False,False,False
IDFC,False,5,5,False,False,True,False,False,False
IDFCFIRSTB,True,60,32,False,True,False,False,False,False
IEL,False,0,2,False,False,False,False,False,False
IEX,False,81,35,False,True,False,False,False,False
IFBAGRO,False,82,38,False,True,False,False,False,False
IFBIND,False,80,38,False,True,False,False,False,False
IFCI,False,80,32,False,True,True,False,False,False
IFGLEXPOR,False,82,38,False,True,False,False,False,False
IGARASHI,False,78,35,False,True,False,False,False,False
IGCL,False,15,3,False,False,False,False,False,False
IGIL,False,24,5,False,False,True,False,False,False
IGL,True,80,37,False,True,True,False,False,False
IGPL,False,81,38,False,True,True,False,False,False
IIFL,True,78,33,False,True,False,False,False,False
IIFLCAPS,False,71,25,False,True,True,False,False,False
IITL,False,78,30,False,True,True,False,False,False
IKIO,False,47,13,False,True,False,False,False,False
IKS,True,21,6,False,False,True,False,False,False
IL&FSENGG,False,25,4,False,False,False,False,False,False
IL&FSTRANS,False,4,0,False,False,False,False,False,False
IMAGICAA,False,79,37,False,True,True,False,False,False
IMFA,False,79,37,False,True,False,False,False,False
IMPAL,False,74,33,False,True,False,False,False,False
IMPEXFERRO,False,73,34,False,True,True,False,False,False
INA,False,18,5,False,False,True,False,False,False
INCREDIBLE,False,79,35,False,True,False,False,False,False
INDBANK,False,79,38,False,True,True,False,False,False
INDGN,False,34,9,False,True,False,False,False,False
INDHOTEL,True,79,37,False,True,True,False,False,False
INDIACEM,True,76,34,False,True,False,False,False,False
INDIAGLYCO,False,79,37,False,True,True,False,False,False
INDIAMART,False,75,30,False,True,False,False,False,False
INDIANB,True,56,33,False,True,False,False,False,False
INDIANCARD,False,79,36,False,True,False,False,False,False
INDIANHUME,False,81,38,False,True,True,False,False,False
INDIASHLTR,False,35,10,False,True,True,False,False,False
INDIGO,True,83,36,False,True,True,False,False,False
INDIGOPNTS,True,64,22,False,True,False,False,False,False
INDIQUBE,False,19,5,False,False,True,False,False,False
INDLMETER,False,81,37,False,True,True,False,False,False
INDNIPPON,False,80,36,False,True,False,False,False,False
INDOAMIN,False,56,16,False,True,False,False,False,False
INDOBORAX,False,56,17,False,True,False,False,False,False
INDOCO,False,80,37,False,True,False,False,False,False
INDOFARM,False,25,7,False,False,False,False,False,False
INDORAMA,False,80,36,False,True,True,False,False,False
INDOSTAR,False,80,30,False,True,True,False,False,False
INDOTECH,False,82,38,False,True,True,False,False,False
INDOTHAI,False,84,35,False,True,True,False,False,False
INDOUS,False,24,5,False,False,False,False,False,False
INDOWIND,False,74,33,False,True,False,False,False,False
INDRAMEDCO,False,79,37,False,True,False,False,False,False
INDSWFTLAB,False,82,38,False,True,True,False,False,False
INDSWFTLTD,False,5,7,False,False,False,False,False,False
INDTERRAIN,False,80,37,False,True,True,False,False,False
INDUSINDBK,True,52,26,False,True,False,False,False,False
INDUSTOWER,True,76,34,False,True,True,False,False,False
INFOBEAN,False,23,7,False,False,True,False,False,False
INFOMEDIA,False,56,32,False,True,False,False,False,False
INFY,True,78,34,False,True,True,False,False,False
INGERRAND,False,78,34,False,True,False,False,False,False
INNOVACAP,False,35,11,False,True,False,False,False,False
INNOVANA,False,26,7,False,False,False,False,False,False
INNOVISION,False,10,3,False,False,True,False,False,False
INOXGREEN,False,51,14,False,True,True,False,False,False
INOXINDIA,False,35,10,False,True,False,False,False,False
INOXLEISUR,False,5,5,False,False,True,False,False,False
INOXWIND,False,79,36,False,True,True,False,False,False
INSECTICID,False,81,37,False,True,True,False,False,False
INSPIRISYS,False,81,38,False,True,False,False,False,False
INTELLECT,False,79,37,False,True,True,False,False,False
INTENTECH,False,79,36,False,True,False,False,False,False
INTERARCH,False,28,8,False,False,False,False,False,False
INTLCONV,False,58,18,False,True,False,False,False,False
INVENTURE,False,78,32,False,True,True,False,False,False
IOB,True,58,33,False,True,False,False,False,False
IOC,True,83,36,False,True,False,False,False,False
IOLCP,False,80,37,False,True,True,False,False,False
IONEXCHANG,False,19,5,False,False,False,False,False,False
IPCALAB,True,85,37,False,True,False,False,False,False
IPL,False,60,20,False,True,False,False,False,False
IRB,True,78,35,False,True,True,False,False,False
IRCON,False,76,33,False,True,False,False,False,False
IRCTC,True,69,24,False,True,True,False,False,False
IREDA,True,35,9,False,True,False,False,False,False
IRFC,True,80,20,False,True,False,False,False,False
IRIS,False,59,19,False,True,False,False,False,False
IRISDOREME,False,62,21,False,True,False,False,False,False
IRMENERGY,False,40,11,False,True,True,False,False,False
ISEC,False,5,4,False,False,False,False,False,False
ISFT,False,82,38,False,True,True,False,False,False
ISGEC,False,64,22,False,True,False,False,False,False
ISHANCH,False,20,4,False,False,False,False,False,False
ISMTLTD,False,5,7,False,False,True,False,False,False
ITC,True,84,37,False,True,False,False,False,False
ITCHOTELS,False,11,2,False,False,False,False,False,False
ITDC,False,80,37,False,True,True,False,False,False
ITI,False,81,37,False,True,True,False,False,False
IVALUE,False,19,5,False,False,True,False,False,False
IVC,False,72,29,False,True,True,False,False,False
IVP,False,80,38,False,True,True,False,False,False
IWEL,False,5,4,False,False,True,False,False,False
IXIGO,False,34,9,False,True,False,False,False,False
IZMO,False,73,33,False,True,True,False,False,False
J&KBANK,False,32,5,False,False,False,False,False,False
JAGRAN,False,80,36,False,True,False,False,False,False
JAGSNPHARM,False,78,35,False,True,False,False,False,False
JAIBALAJI,False,82,38,False,True,True,False,False,False
JAICORPLTD,False,77,33,False,True,True,False,False,False
JAINREC,False,17,5,False,False,True,False,False,False
JAIPURKURT,False,51,18,False,True,True,False,False,False
JAMNAAUTO,False,80,36,False,True,True,False,False,False
JARO,False,16,5,False,False,True,False,False,False
JASH,False,72,29,False,True,False,False,False,False
JAYAGROGN,False,80,36,False,True,True,False,False,False
JAYBARMARU,False,78,35,False,True,False,False,False,False
JAYKAY,False,20,5,False,False,True,False,False,False
JAYNECOIND,False,77,35,False,True,True,False,False,False
JAYSREETEA,False,80,37,False,True,True,False,False,False
JBCHEPHARM,True,80,37,False,True,False,False,False,False
JBFIND,False,77,35,False,True,True,False,False,False
JBMA,False,77,35,False,True,True,False,False,False
JETFREIGHT,False,57,18,False,True,False,False,False,False
JGCHEM,False,35,9,False,True,False,False,False,False
JHS,False,79,35,False,True,True,False,False,False
JINDALPHOT,False,80,35,False,True,True,False,False,False
JINDALPOLY,False,80,36,False,True,False,False,False,False
JINDALSAW,False,77,35,False,True,True,False,False,False
JINDALSTEL,True,83,36,False,True,True,False,False,False
JINDRILL,False,79,36,False,True,True,False,False,False
JINDWORLD,False,83,40,False,True,True,False,False,False
JIOFIN,True,39,11,False,True,True,False,False,False
JISLDVREQS,False,79,37,False,True,True,False,False,False
JISLJALEQS,False,71,32,False,True,True,False,False,False
JITFINFRA,False,76,35,False,True,True,False,False,False
JKCEMENT,True,84,37,False,True,False,False,False,False
JKIL,False,79,37,False,True,False,False,False,False
JKIPL,False,13,3,False,False,True,False,False,False
JKLAKSHMI,False,77,35,False,True,False,False,False,False
JKPAPER,False,78,36,False,True,True,False,False,False
JKTYRE,False,77,36,False,True,False,False,False,False
JLHL,False,41,12,False,True,False,False,False,False
JMA,False,78,34,False,True,True,False,False,False
JMCPROJECT,False,3,5,False,False,False,False,False,False
JMFINANCIL,False,81,34,False,True,True,False,False,False
JMTAUTOLTD,False,5,4,False,False,True,False,False,False
JNKINDIA,False,35,9,False,True,True,False,False,False
JOCIL,False,80,36,False,True,False,False,False,False
JPASSOCIAT,False,80,36,False,True,False,False,False,False
JPINFRATEC,False,58,34,False,False,True,False,False,False
JPOLYINVST,False,84,33,False,True,True,False,False,False
JPPOWER,False,78,36,False,True,False,False,False,False
JSFB,False,25,10,False,True,False,False,False,False
JSL,True,73,32,False,True,True,False,False,False
JSLHISAR,False,5,3,False,False,True,False,False,False
JSLL,False,25,5,False,True,True,False,False,False
JSWCEMENT,False,16,4,False,False,False,False,False,False
JSWDULUX,False,81,39,False,True,False,False,False,False
JSWENERGY,True,78,36,False,True,True,False,False,False
JSWHL,False,76,28,False,True,True,False,False,False
JSWINFRA,True,39,11,False,True,False,False,False,False
JSWISPL,False,35,24,False,False,True,False,False,False
JSWSTEEL,True,83,36,False,True,True,False,False,False
JTEKTINDIA,False,81,38,False,True,False,False,False,False
JTLIND,False,36,12,False,True,False,False,False,False
JUBLCPL,False,14,4,False,False,False,False,False,False
JUBLFOOD,True,84,36,False,True,False,False,False,False
JUBLINDS,False,5,7,False,False,True,False,False,False
JUBLINGREA,False,63,22,False,True,True,False,False,False
JUBLPHARMA,False,77,35,False,True,True,False,False,False
JUNIPER,False,37,10,False,True,True,False,False,False
JUSTDIAL,False,79,37,False,True,False,False,False,False
JWL,False,80,36,False,True,True,False,False,False
JYOTHYLAB,False,80,36,False,True,False,False,False,False
JYOTICNC,False,37,10,False,True,False,False,False,False
JYOTISTRUC,False,78,35,False,True,True,False,False,False
KABRAEXTRU,False,81,37,False,True,True,False,False,False
KAJARIACER,True,76,34,False,True,False,False,False,False
KAKATCEM,False,82,38,False,True,True,False,False,False
KALAMANDIR,False,39,12,False,True,False,False,False,False
KALPATARU,False,15,5,False,False,True,False,False,False
KALYANI,False,75,31,False,True,True,False,False,False
KALYANIFRG,False,81,37,False,True,True,False,False,False
KALYANKJIL,True,64,22,False,True,False,False,False,False
KAMATHOTEL,False,82,39,False,True,True,False,False,False
KAMDHENU,False,81,37,False,True,True,False,False,False
KAMOPAINTS,False,43,12,False,True,False,False,False,False
KANANIIND,False,81,37,False,True,True,False,False,False
KANORICHEM,False,78,35,False,True,True,False,False,False
KANPRPLA,False,64,22,False,True,False,False,False,False
KANSAINER,True,84,37,False,True,False,False,False,False
KAPSTON,False,70,26,False,True,False,False,False,False
KARMAENG,False,80,36,False,True,True,False,False,False
KARURVYSYA,True,47,22,False,True,False,False,False,False
KAUSHALYA,False,83,38,False,True,True,False,False,False
KAVDEFENCE,False,70,32,False,True,True,False,False,False
KAYA,False,77,36,False,True,True,False,False,False
KAYNES,False,47,14,False,True,True,False,False,False
KCP,False,79,35,False,True,False,False,False,False
KCPSUGIND,False,80,36,False,True,False,False,False,False
KDDL,False,80,37,False,True,True,False,False,False
KEC,False,79,36,False,True,False,False,False,False
KECL,False,79,35,False,True,False,False,False,False
KEEPLEARN,False,78,34,False,True,True,False,False,False
KEI,True,79,37,False,True,False,False,False,False
KELLTONTEC,False,82,38,False,True,True,False,False,False
KENNAMET,False,20,5,False,False,False,False,False,False
KERNEX,False,78,34,False,True,True,False,False,False
KESORAMIND,False,79,36,False,True,True,False,False,False
KEYFINSERV,False,82,35,False,True,True,False,False,False
KFINTECH,False,47,13,False,True,False,False,False,False
KHADIM,False,81,37,False,True,False,False,False,False
KHAICHEM,False,66,24,False,True,True,False,False,False
KHAITANLTD,False,76,32,False,True,False,False,False,False
KHANDSE,False,78,35,False,True,True,False,False,False
KICL,False,84,34,False,True,True,False,False,False
KILITCH,False,80,37,False,True,True,False,False,False
KIMS,True,63,21,False,True,False,False,False,False
KINGFA,False,82,38,False,True,True,False,False,False
KIOCL,False,79,36,False,True,True,False,False,False
KIRIINDUS,False,81,38,False,True,True,False,False,False
KIRLFER,False,19,5,False,False,True,False,False,False
KIRLOSBROS,False,78,36,False,True,False,False,False,False
KIRLOSENG,True,79,36,False,True,False,False,False,False
KIRLOSIND,False,82,31,False,True,True,False,False,False
KIRLPNU,False,46,13,False,True,False,False,False,False
KISSHT,False,0,3,False,False,True,False,False,False
KITEX,False,82,38,False,True,True,False,False,False
KKCL,False,78,34,False,True,True,False,False,False
KMEW,False,24,6,False,False,True,False,False,False
KMSUGAR,False,81,37,False,True,True,False,False,False
KNAGRI,False,18,5,False,False,False,False,False,False
KNRCON,False,80,36,False,True,False,False,False,False
KOHINOOR,False,81,37,False,True,True,False,False,False
KOKUYOCMLN,False,79,37,False,True,True,False,False,False
KOLTEPATIL,False,78,34,False,True,True,False,False,False
KOPRAN,False,80,37,False,True,False,False,False,False
KOTAKBANK,True,61,34,False,True,False,False,False,False
KOTARISUG,False,82,39,False,True,False,False,False,False
KOTHARIPET,False,80,37,False,True,True,False,False,False
KOTHARIPRO,False,80,36,False,True,True,False,False,False
KOTYARK,False,15,5,False,False,True,False,False,False
KOVAI,False,20,5,False,False,False,False,False,False
KPEL,False,21,6,False,False,True,False,False,False
KPIGREEN,False,60,20,False,True,True,False,False,False
KPIL,True,79,37,False,True,True,False,False,False
KPITTECH,True,74,32,False,True,True,False,False,False
KPRMILL,False,75,33,False,True,False,False,False,False
KRBL,False,81,38,False,True,False,False,False,False
KREBSBIO,False,80,37,False,True,True,False,False,False
KRIDHANINF,False,73,35,False,True,True,False,False,False
KRISHANA,False,71,29,False,True,True,False,False,False
KRISHIVAL,False,20,5,False,False,True,False,False,False
KRISHNADEF,False,15,4,False,False,True,False,False,False
KRITI,False,57,18,False,True,False,False,False,False
KRITIKA,False,56,17,False,True,True,False,False,False
KRITINUT,False,51,15,False,True,False,False,False,False
KRN,False,23,7,False,False,True,False,False,False
KRONOX,False,35,9,False,True,False,False,False,False
KROSS,False,28,8,False,False,True,False,False,False
KRSNAA,False,59,19,False,True,False,False,False,False
KRYSTAL,False,37,10,False,True,False,False,False,False
KSB,False,67,40,False,False,True,False,False,False
KSCL,False,80,37,False,True,False,False,False,False
KSHINTL,False,19,5,False,False,True,False,False,False
KSHITIJPOL,False,49,14,False,True,True,False,False,False
KSL,False,81,38,False,True,True,False,False,False
KSOLVES,False,50,15,False,True,True,False,False,False
KSR,False,10,2,False,False,False,False,False,False
KTKBANK,False,49,27,False,True,False,False,False,False
KUANTUM,False,72,28,False,True,True,False,False,False
L&TFH,True,0,0,False,False,False,False,True,False
LAGNAM,False,58,18,False,True,False,False,False,False
LAKPRE,False,1,0,False,False,False,False,False,False
LAKSHVILAS,False,5,0,False,False,False,False,False,False
LAL,False,47,12,False,True,True,False,False,False
LALPATHLAB,True,80,37,False,True,False,False,False,False
LAMBODHARA,False,82,38,False,True,True,False,False,False
LANCORHOL,False,31,8,False,True,False,False,False,False
LANDMARK,False,48,14,False,True,False,False,False,False
LANDSMILL,False,82,38,False,True,True,False,False,False
LAOPALA,False,80,37,False,True,True,False,False,False
LASA,False,82,38,False,True,True,False,False,False
LATENTVIEW,False,56,18,False,True,False,False,False,False
LATTEYS,False,39,12,False,True,False,False,False,False
LAURUSLABS,True,78,36,False,True,True,False,False,False
LAXMICOT,False,56,17,False,True,False,False,False,False
LAXMIDENTL,False,22,6,False,False,False,False,False,False
LAXMIINDIA,False,19,5,False,False,False,False,False,False
LCCINFOTEC,False,78,36,False,True,True,False,False,False
LEMERITE,False,17,4,False,False,False,False,False,False
LEMONTREE,False,80,37,False,True,True,False,False,False
LENSKART,False,4,2,False,False,False,False,False,False
LEXUS,False,44,11,False,True,False,False,False,False
LFIC,False,81,31,False,True,True,False,False,False
LGBBROSLTD,False,76,35,False,True,False,False,False,False
LGBFORGE,False,77,35,False,True,True,False,False,False
LGEINDIA,False,4,2,False,False,False,False,False,False
LGHL,False,29,9,False,True,True,False,False,False
LIBAS,False,63,27,False,True,True,False,False,False
LIBERTSHOE,False,77,34,False,True,False,False,False,False
LICHSGFIN,True,84,29,False,True,True,False,False,False
LICI,True,24,5,False,False,False,False,False,False
LIKHITHA,False,65,23,False,True,False,False,False,False
LINC,False,81,37,False,True,True,False,False,False
LINCOLN,False,78,34,False,True,False,False,False,False
LINDEINDIA,True,69,38,False,True,True,False,False,False
LLOYDSENGG,False,76,33,False,True,True,False,False,False
LLOYDSENT,False,26,7,False,False,True,False,False,False
LLOYDSME,True,41,12,False,True,True,False,False,False
LMW,False,78,36,False,True,True,False,False,False
LODHA,True,62,22,False,True,True,False,False,False
LOKESHMACH,False,80,36,False,True,False,False,False,False
LORDSCHLO,False,40,10,False,True,False,False,False,False
LOTUSDEV,False,20,5,False,False,True,False,False,False
LOTUSEYE,False,82,38,False,True,True,False,False,False
LOVABLE,False,80,37,False,True,False,False,False,False
LOYALTEX,False,48,13,False,True,False,False,False,False
LPDC,False,80,38,False,True,True,False,False,False
LT,True,84,37,False,True,True,False,False,False
LTF,True,76,28,False,True,True,False,False,False
LTFOODS,False,78,38,False,True,True,False,False,False
LTIM,True,37,5,False,False,False,False,False,False
LTM,False,80,36,False,True,True,False,False,False
LTTS,True,78,37,False,True,False,False,False,False
LUMAXIND,False,80,37,False,True,False,False,False,False
LUMAXTECH,False,80,36,False,True,True,False,False,False
LUPIN,True,84,37,False,True,False,False,False,False
LUXIND,False,81,38,False,True,True,False,False,False
LXCHEM,False,62,22,False,True,True,False,False,False
LYKALABS,False,81,38,False,True,True,False,False,False
LYPSAGEMS,False,77,34,False,True,True,False,False,False
M&M,True,29,5,False,False,False,False,False,False
M&MFIN,True,24,5,False,False,False,False,False,False
MAANALU,False,82,38,False,True,True,False,False,False
MACPOWER,False,67,23,False,True,True,False,False,False
MADHAV,False,77,33,False,True,False,False,False,False
MADHUCON,False,80,36,False,True,False,False,False,False
MADRASFERT,False,82,39,False,True,True,False,False,False
MAFATIND,False,0,5,False,False,True,False,False,False
MAGADSUGAR,False,82,39,False,True,True,False,False,False
MAGNUM,False,80,36,False,True,True,False,False,False
MAHABANK,True,53,29,False,True,False,False,False,False
MAHAPEXLTD,False,81,38,False,True,True,False,False,False
MAHASTEEL,False,79,36,False,True,True,False,False,False
MAHEPC,False,68,26,False,True,False,False,False,False
MAHESHWARI,False,72,28,False,True,True,False,False,False
MAHLIFE,False,77,35,False,True,True,False,False,False
MAHLOG,False,81,39,False,True,False,False,False,False
MAHSCOOTER,False,71,34,False,True,True,False,False,False
MAHSEAMLES,False,79,37,False,True,True,False,False,False
MAITHANALL,False,77,34,False,True,True,False,False,False
MAJESAUT,False,0,5,False,False,True,False,False,False
MALLCOM,False,56,16,False,True,False,False,False,False
MALUPAPER,False,82,38,False,True,True,False,False,False
MAMATA,False,25,6,False,False,False,False,False,False
MANAKALUCO,False,81,38,False,True,True,False,False,False
MANAKCOAT,False,78,36,False,True,True,False,False,False
MANAKSIA,False,81,37,False,True,False,False,False,False
MANAKSTEEL,False,78,35,False,True,True,False,False,False
MANALIPETC,False,80,37,False,True,True,False,False,False
MANAPPURAM,True,86,33,False,True,True,False,False,False
MANBA,False,28,8,False,False,False,False,False,False
MANCREDIT,False,26,6,False,False,True,False,False,False
MANGALAM,False,82,39,False,True,True,False,False,False
MANGCHEFER,False,5,7,False,False,False,False,False,False
MANGLMCEM,False,80,37,False,True,False,False,False,False
MANGTIMBER,False,5,3,False,False,True,False,False,False
MANINDS,False,78,36,False,True,False,False,False,False
MANINFRA,False,79,37,False,True,True,False,False,False
MANKIND,True,46,13,False,True,False,False,False,False
MANOMAY,False,48,14,False,True,False,False,False,False
MANORAMA,False,51,16,False,True,True,False,False,False
MANORG,False,54,18,False,True,False,False,False,False
MANUGRAPH,False,81,39,False,True,True,False,False,False
MANYAVAR,False,56,18,False,True,False,False,False,False
MAPMYINDIA,False,57,18,False,True,False,False,False,False
MARALOVER,False,82,39,False,True,True,False,False,False
MARATHON,False,78,35,False,True,True,False,False,False
MARICO,True,85,37,False,True,False,False,False,False
MARINE,False,65,22,False,True,False,False,False,False
MARKOLINES,False,20,4,False,False,True,False,False,False
MARKSANS,False,80,37,False,True,True,False,False,False
MARSHALL,False,14,3,False,False,False,False,False,False
MARSONS,False,20,5,False,False,True,False,False,False
MARUTI,True,81,34,False,True,False,False,False,False
MASFIN,False,82,32,False,True,True,False,False,False
MASKINVEST,False,76,34,False,True,True,False,False,False
MASTEK,False,74,32,False,True,True,False,False,False
MASTERTR,False,26,7,False,False,False,False,False,False
MATRIMONY,False,80,37,False,True,False,False,False,False
MAWANASUG,False,80,37,False,True,False,False,False,False
MAXESTATES,False,34,11,False,True,True,False,False,False
MAXHEALTH,True,72,24,False,True,True,False,False,False
MAXIND,False,67,24,False,True,True,False,False,False
MAXVIL,False,5,6,False,False,True,False,False,False
MAYURUNIQ,False,78,35,False,True,True,False,False,False
MAZDA,False,81,37,False,True,True,False,False,False
MAZDOCK,True,66,24,False,True,False,False,False,False
MBAPL,False,67,27,False,True,True,False,False,False
MBECL,False,76,32,False,True,True,False,False,False
MBEL,False,20,5,False,False,False,False,False,False
MBLINFRA,False,78,34,False,True,True,False,False,False
MCDHOLDING,False,38,19,False,False,True,False,False,False
MCL,False,60,24,False,True,True,False,False,False
MCLEODRUSS,False,79,35,False,True,False,False,False,False
MCLOUD,False,22,6,False,False,True,False,False,False
MCX,True,19,5,False,False,True,False,False,False
MEDANTA,True,48,14,False,True,False,False,False,False
MEDIASSIST,False,32,10,False,True,False,False,False,False
MEDICAMEQ,False,59,18,False,True,False,False,False,False
MEDICO,False,52,16,False,True,False,False,False,False
MEDPLUS,False,53,17,False,True,False,False,False,False
MEESHO,True,14,4,False,False,False,False,False,False
MEGASTAR,False,56,16,False,True,True,False,False,False
MEGH,False,5,3,False,False,False,False,False,False
MEIL,False,20,5,False,False,False,False,False,False
MENONBE,False,78,38,False,True,True,False,False,False
MEP,False,55,28,False,True,True,False,False,False
MERCATOR,False,48,31,False,True,True,False,False,False
METROBRAND,True,54,17,False,True,True,False,False,False
METROGLOBL,False,0,5,False,False,False,False,False,False
METROPOLIS,False,80,32,False,True,False,False,False,False
MFML,False,23,6,False,False,False,False,False,False
MFSL,True,84,30,False,True,True,False,False,False
MGEL,False,64,23,False,True,False,False,False,False
MGL,False,77,36,False,True,True,False,False,False
MHLXMIRU,False,57,17,False,True,True,False,False,False
MHRIL,False,78,37,False,True,True,False,False,False
MIC,False,5,3,False,False,False,False,False,False
MICEL,False,54,16,False,True,True,False,False,False
MIDHANI,False,81,38,False,True,False,False,False,False
MIDWESTLTD,False,4,2,False,False,False,False,False,False
MINDACORP,False,80,38,False,True,True,False,False,False
MINDTECK,False,80,37,False,True,True,False,False,False
MINDTREE,False,0,4,False,False,False,False,False,False
MIRCELECTR,False,81,38,False,True,True,False,False,False
MIRZAINT,False,82,38,False,True,True,False,False,False
MITCON,False,56,16,False,True,True,False,False,False
MITTAL,False,70,26,False,True,False,False,False,False
MKPL,False,41,11,False,True,False,False,False,False
MMFL,False,78,34,False,True,True,False,False,False
MMP,False,69,26,False,True,True,False,False,False
MMTC,False,74,32,False,True,True,False,False,False
MMWL,False,0,5,False,False,True,False,False,False
MOBIKWIK,False,25,7,False,False,True,False,False,False
MODINATUR,False,20,4,False,False,True,False,False,False
MODIRUBBER,False,79,36,False,True,True,False,False,False
MODIS,False,17,5,False,False,True,False,False,False
MODISONLTD,False,64,22,False,True,False,False,False,False
MODTHREAD,False,85,41,False,True,True,False,False,False
MOHITIND,False,79,36,False,True,False,False,False,False
MOHOTAIND,False,5,7,False,False,True,False,False,False
MOIL,False,79,36,False,True,False,False,False,False
MOKSH,False,51,18,False,True,False,False,False,False
MOL,False,59,19,False,True,False,False,False,False
MOLDTECH,False,80,38,False,True,False,False,False,False
MOLDTKPAC,False,77,35,False,True,False,False,False,False
MONARCH,False,57,18,False,True,True,False,False,False
MONEYBOXX,False,20,4,False,False,True,False,False,False
MONTECARLO,False,82,39,False,True,True,False,False,False
MORARJEE,False,63,34,False,True,True,False,False,False
MOREPENLAB,False,79,36,False,True,False,False,False,False
MOSCHIP,False,21,5,False,False,True,False,False,False
MOTHERSON,True,80,37,False,True,False,False,False,False
MOTILALOFS,True,79,36,False,True,True,False,False,False
MOTISONS,False,32,10,False,True,False,False,False,False
MOTOGENFIN,False,82,38,False,True,True,False,False,False
MPHASIS,True,78,36,False,True,True,False,False,False
MPSLTD,False,80,37,False,True,False,False,False,False
MRF,True,82,39,False,True,False,False,False,False
MRPL,True,78,37,False,True,True,False,False,False
MSPL,False,77,33,False,True,False,False,False,False
MSTCLTD,False,75,31,False,True,True,False,False,False
MSUMI,True,49,17,False,True,False,False,False,False
MTARTECH,False,63,22,False,True,True,False,False,False
MTEDUCARE,False,80,36,False,True,True,False,False,False
MTNL,False,79,36,False,True,False,False,False,False
MUFIN,False,35,11,False,True,True,False,False,False
MUFTI,False,40,11,False,True,False,False,False,False
MUKANDLTD,False,81,38,False,True,True,False,False,False
MUKKA,False,37,10,False,True,True,False,False,False
MUKTAARTS,False,81,36,False,True,True,False,False,False
MUNJALAU,False,82,38,False,True,True,False,False,False
MUNJALSHOW,False,82,38,False,True,True,False,False,False
MURUDCERA,False,78,34,False,True,True,False,False,False
MUTHOOTCAP,False,82,32,False,True,False,False,False,False
MUTHOOTFIN,True,84,33,False,True,True,False,False,False
MUTHOOTMF,False,31,10,False,True,True,False,False,False
MVGJL,False,40,11,False,True,False,False,False,False
MWL,False,20,5,False,False,False,False,False,False
NACLIND,False,82,36,False,True,True,False,False,False
NAGAFERT,False,73,33,False,True,True,False,False,False
NAGREEKCAP,False,85,33,False,True,True,False,False,False
NAGREEKEXP,False,82,38,False,True,True,False,False,False
NAHARCAP,False,81,32,False,True,True,False,False,False
NAHARINDUS,False,78,34,False,True,False,False,False,False
NAHARPOLY,False,79,35,False,True,True,False,False,False
NAHARSPING,False,76,34,False,True,True,False,False,False
NALCO,True,0,0,False,False,False,False,True,False
NAM-INDIA,True,80,33,False,True,True,False,False,False
NARMADA,False,51,14,False,True,False,False,False,False
NATCAPSUQ,False,20,4,False,False,False,False,False,False
NATCOPHARM,True,80,37,False,True,False,False,False,False
NATHBIOGEN,False,78,35,False,True,False,False,False,False
NATIONALUM,True,80,36,False,True,True,False,False,False
NATNLSTEEL,False,5,5,False,False,False,False,False,False
NAUKRI,True,78,35,False,True,False,False,False,False
NAVA,False,79,36,False,True,False,False,False,False
NAVINFLUOR,True,80,39,False,True,True,False,False,False
NAVKARCORP,False,74,35,False,True,True,False,False,False
NAVKARURB,False,22,5,False,False,True,False,False,False
NAVNETEDUL,False,80,37,False,True,True,False,False,False
NAZARA,False,64,22,False,True,True,False,False,False
NBCC,True,80,37,False,True,True,False,False,False
NBIFIN,False,64,27,False,True,True,False,False,False
NCC,False,78,36,False,True,True,False,False,False
NCLIND,False,78,35,False,True,False,False,False,False
NDGL,False,83,34,False,True,True,False,False,False
NDL,False,81,37,False,True,True,False,False,False
NDLVENTURE,False,64,32,False,True,True,False,False,False
NDRAUTO,False,67,24,False,True,True,False,False,False
NDTV,False,78,35,False,True,False,False,False,False
NECCLTD,False,79,34,False,True,False,False,False,False
NECLIFE,False,80,36,False,True,False,False,False,False
NELCAST,False,77,36,False,True,True,False,False,False
NELCO,False,75,34,False,True,True,False,False,False
NEOGEN,False,74,31,False,True,False,False,False,False
NEPHROPLUS,False,17,5,False,False,False,False,False,False
NESCO,False,80,37,False,True,True,False,False,False
NESTLEIND,True,34,10,False,False,False,False,False,False
NETWEB,False,39,12,False,True,True,False,False,False
NETWORK18,False,77,32,False,True,True,False,False,False
NEUEON,False,52,26,False,True,True,False,False,False
NEULANDLAB,True,81,38,False,True,True,False,False,False
NEWGEN,False,78,36,False,True,False,False,False,False
NEXTMEDIA,False,79,37,False,True,True,False,False,False
NFL,False,78,34,False,True,True,False,False,False
NGIL,False,58,18,False,True,False,False,False,False
NGLFINE,False,52,16,False,True,False,False,False,False
NH,True,80,37,False,True,True,False,False,False
NHPC,True,79,37,False,True,False,False,False,False
NIACL,True,25,5,False,False,False,False,False,False
NIBE,False,22,5,False,False,True,False,False,False
NIBL,False,80,37,False,True,True,False,False,False
NIITLTD,False,82,40,False,True,True,False,False,False
NIITMTS,False,33,11,False,True,False,False,False,False
NILAINFRA,False,82,39,False,True,True,False,False,False
NILASPACES,False,74,33,False,True,True,False,False,False
NILKAMAL,False,79,36,False,True,False,False,False,False
NIMBSPROJ,False,20,4,False,False,True,False,False,False
NINSYS,False,42,13,False,True,True,False,False,False
NIPPOBATRY,False,81,38,False,True,True,False,False,False
NIRAJ,False,67,24,False,True,True,False,False,False
NIRAJISPAT,False,70,31,False,True,False,False,False,False
NIRLON,False,0,5,False,False,False,False,False,False
NITCO,False,81,38,False,True,True,False,False,False
NITINSPIN,False,77,35,False,True,True,False,False,False
NITIRAJ,False,64,21,False,True,True,False,False,False
NITTAGELA,False,0,5,False,False,False,False,False,False
NIVABUPA,False,18,5,False,False,True,False,False,False
NKIND,False,77,34,False,True,True,False,False,False
NLCINDIA,True,75,33,False,True,True,False,False,False
NMDC,True,84,36,False,True,True,False,False,False
NOCIL,False,81,39,False,True,True,False,False,False
NOIDATOLL,False,80,37,False,True,True,False,False,False
NORBTEAEXP,False,82,38,False,True,True,False,False,False
NORTHARC,False,27,8,False,False,True,False,False,False
NOVAAGRI,False,37,9,False,True,False,False,False,False
NOVARTIND,False,19,5,False,False,False,False,False,False
NPST,False,20,4,False,False,True,False,False,False
NRAIL,False,82,39,False,True,True,False,False,False
NRBBEARING,False,80,37,False,True,False,False,False,False
NRL,False,48,13,False,True,False,False,False,False
NSIL,False,77,29,False,True,True,False,False,False
NSLNISP,False,36,11,False,True,True,False,False,False
NTPC,True,85,38,False,True,False,False,False,False
NTPCGREEN,True,18,5,False,False,True,False,False,False
NUCLEUS,False,80,37,False,True,False,False,False,False
NURECA,False,63,21,False,True,True,False,False,False
NUVAMA,True,31,10,False,True,True,False,False,False
NUVOCO,False,64,20,False,True,False,False,False,False
NYKAA,True,64,19,False,True,False,False,False,False
OAL,False,72,30,False,True,False,False,False,False
OBCL,False,55,15,False,True,False,False,False,False
OBEROIRLTY,True,80,34,False,True,True,False,False,False
OCCL,False,5,6,False,False,False,False,False,False
OCCLLTD,False,23,7,False,False,True,False,False,False
ODIGMA,False,21,6,False,False,True,False,False,False
OFSS,True,82,35,False,True,False,False,False,False
OIL,True,80,37,False,True,True,False,False,False
OILCOUNTUB,False,73,35,False,True,True,False,False,False
OLAELEC,False,24,8,False,False,True,False,False,False
OLECTRA,False,79,35,False,True,True,False,False,False
OMAXAUTO,False,79,37,False,True,True,False,False,False
OMAXE,False,79,36,False,True,True,False,False,False
OMFREIGHT,False,17,4,False,False,False,False,False,False
OMINFRAL,False,82,39,False,True,True,False,False,False
OMKARCHEM,False,33,21,False,True,True,False,False,False
OMNI,False,10,4,False,False,True,False,False,False
OMPOWER,False,10,3,False,False,True,False,False,False
ONELIFECAP,False,72,30,False,True,True,False,False,False
ONEPOINT,False,73,31,False,True,True,False,False,False
ONESOURCE,False,20,6,False,False,True,False,False,False
ONGC,True,81,36,False,True,True,False,False,False
ONMOBILE,False,79,36,False,True,False,False,False,False
ONWARDTEC,False,79,38,False,True,True,False,False,False
OPTIEMUS,False,80,36,False,True,True,False,False,False
ORBTEXP,False,79,37,False,True,True,False,False,False
ORCHASP,False,22,5,False,False,True,False,False,False
ORCHPHARMA,False,67,24,False,True,False,False,False,False
ORICONENT,False,79,35,False,True,True,False,False,False
ORIENTALTL,False,83,39,False,True,True,False,False,False
ORIENTBELL,False,79,37,False,True,False,False,False,False
ORIENTCEM,False,83,37,False,True,False,False,False,False
ORIENTCER,False,77,38,False,True,True,False,False,False
ORIENTELEC,False,79,32,False,True,True,False,False,False
ORIENTHOT,False,78,37,False,True,True,False,False,False
ORIENTLTD,False,81,37,False,True,True,False,False,False
ORIENTPPR,False,82,39,False,True,True,False,False,False
ORIENTTECH,False,28,7,False,False,False,False,False,False
ORISSAMINE,False,71,33,False,True,True,False,False,False
ORKLAINDIA,False,4,2,False,False,False,False,False,False
ORTEL,False,26,18,False,False,True,False,False,False
ORTINGLOBE,False,61,20,False,True,True,False,False,False
OSIAHYPER,False,43,13,False,True,True,False,False,False
OSWALAGRO,False,75,33,False,True,True,False,False,False
OSWALGREEN,False,80,36,False,True,True,False,False,False
OSWALPUMPS,False,16,5,False,False,True,False,False,False
OSWALSEEDS,False,41,12,False,True,False,False,False,False
PACEDIGITK,False,17,4,False,False,True,False,False,False
PAEL,False,5,5,False,False,True,False,False,False
PAGEIND,True,84,36,False,True,False,False,False,False
PAISALO,False,85,34,False,True,False,False,False,False
PAKKA,False,41,11,False,True,False,False,False,False
PALASHSECU,False,84,34,False,True,True,False,False,False
PALREDTEC,False,80,36,False,True,True,False,False,False
PANACEABIO,False,82,38,False,True,True,False,False,False
PANACHE,False,71,28,False,True,True,False,False,False
PANAMAPET,False,80,36,False,True,False,False,False,False
PANSARI,False,51,18,False,True,True,False,False,False
PAR,False,58,18,False,True,False,False,False,False
PARACABLES,False,82,38,False,True,False,False,False,False
PARADEEP,False,55,17,False,True,True,False,False,False
PARAGMILK,False,79,36,False,True,False,False,False,False
PARAS,False,58,18,False,True,False,False,False,False
PARASPETRO,False,55,30,False,True,False,False,False,False
PARKHOSPS,False,14,4,False,False,False,False,False,False
PARKHOTELS,False,37,10,False,True,True,False,False,False
PARSVNATH,False,77,33,False,True,True,False,False,False
PASHUPATI,False,19,4,False,False,True,False,False,False
PASUPTAC,False,59,19,False,True,True,False,False,False
PATANJALI,True,70,27,False,True,False,False,False,False
PATELENG,False,82,39,False,True,True,False,False,False
PATELRMART,False,16,4,False,False,False,False,False,False
PATINTLOG,False,80,37,False,True,False,False,False,False
PATSPINLTD,False,5,4,False,False,True,False,False,False
PAUSHAKLTD,False,20,5,False,False,False,False,False,False
PAVNAIND,False,41,11,False,True,False,False,False,False
PAYTM,True,58,19,False,True,True,False,False,False
PBAINFRA,False,5,3,False,False,True,False,False,False
PCBL,False,74,33,False,True,True,False,False,False
PCJEWELLER,False,80,37,False,True,True,False,False,False
PDMJEPAPER,False,80,38,False,True,True,False,False,False
PDPL,False,37,23,False,True,True,False,False,False
PDSL,False,75,35,False,True,True,False,False,False
PEARLPOLY,False,78,34,False,True,True,False,False,False
PEL,True,0,7,False,False,False,True,False,False
PENIND,False,82,39,False,True,True,False,False,False
PENINLAND,False,76,33,False,True,True,False,False,False
PERSISTENT,True,81,34,False,True,True,False,False,False
PETRONET,True,86,38,False,True,True,False,False,False
PFC,True,85,29,False,True,True,False,False,False
PFIZER,True,85,37,False,True,False,False,False,False
PFOCUS,False,80,37,False,True,True,False,False,False
PFS,False,81,32,False,True,False,False,False,False
PGEL,False,82,39,False,True,True,False,False,False
PGHH,True,73,41,False,False,False,False,False,False
PGHL,False,70,36,False,False,True,False,False,False
PGIL,False,77,35,False,True,True,False,False,False
PHOENIXLTD,True,78,36,False,True,True,False,False,False
PICCADIL,False,20,5,False,False,False,False,False,False
PIDILITIND,True,84,37,False,True,False,False,False,False
PIGL,False,47,12,False,True,True,False,False,False
PIIND,True,84,37,False,True,False,False,False,False
PILANIINVS,False,81,32,False,True,True,False,False,False
PILITA,False,76,34,False,True,False,False,False,False
PINELABS,False,15,4,False,False,False,False,False,False
PIONDIST,False,5,4,False,False,False,False,False,False
PIONEEREMB,False,82,38,False,True,True,False,False,False
PIRAMALFIN,True,18,5,False,False,True,False,False,False
PITTIENG,False,82,39,False,True,True,False,False,False
PIXTRANS,False,56,16,False,True,False,False,False,False
PKTEA,False,79,35,False,True,True,False,False,False
PLASTIBLEN,False,77,36,False,True,False,False,False,False
PLATIND,False,17,6,False,False,False,False,False,False
PLAZACABLE,False,41,11,False,True,False,False,False,False
PNB,True,63,34,False,True,False,False,False,False
PNBGILTS,False,81,31,False,True,True,False,False,False
PNBHOUSING,True,79,29,False,True,True,False,False,False
PNC,False,81,37,False,True,True,False,False,False
PNCINFRA,False,80,37,False,True,True,False,False,False
PNGJL,False,28,8,False,False,True,False,False,False
PNGSREVA,False,10,4,False,False,True,False,False,False
POCL,False,33,13,False,False,False,False,False,False
PODDARHOUS,False,14,33,False,False,True,False,False,False
PODDARMENT,False,25,35,False,False,True,False,False,False
POKARNA,False,25,37,False,False,True,False,False,False
POLICYBZR,True,24,17,False,False,True,False,False,False
POLYCAB,True,35,32,False,False,False,False,False,False
POLYMED,False,25,37,False,False,True,False,False,False
POLYPLEX,False,25,37,False,False,True,False,False,False
PONNIERODE,False,24,36,False,False,True,False,False,False
POONAWALLA,True,24,27,False,False,True,False,False,False
POWERGRID,True,29,31,False,False,False,False,False,False
POWERICA,False,10,3,False,False,False,False,False,False
POWERINDIA,True,24,23,False,False,True,False,False,False
POWERMECH,False,24,31,False,False,False,False,False,False
PPAP,False,25,9,False,False,False,False,False,False
PPL,False,20,28,False,False,False,False,False,False
PPLPHARMA,False,19,15,False,False,False,False,False,False
PRABHA,False,19,5,False,False,True,False,False,False
PRABHAT,False,5,3,False,False,True,False,False,False
PRADIP,False,5,4,False,False,True,False,False,False
PRAENG,False,25,9,False,False,True,False,False,False
PRAJIND,True,24,30,False,False,True,False,False,False
PRAKASH,False,25,37,False,False,False,False,False,False
PRAKASHSTL,False,24,8,False,False,True,False,False,False
PRAXIS,False,25,7,False,False,True,False,False,False
PRECAM,False,25,30,False,False,True,False,False,False
PRECOT,False,25,28,False,False,False,False,False,False
PRECWIRE,False,25,35,False,False,False,False,False,False
PREMEXPLN,False,25,30,False,False,True,False,False,False
PREMIER,False,25,7,False,False,True,False,False,False
PREMIERENE,False,21,7,False,False,True,False,False,False
PREMIERPOL,False,25,37,False,False,False,False,False,False
PRESSMN,False,5,6,False,False,False,False,False,False
PRESTIGE,True,30,29,False,False,True,False,False,False
PRICOLLTD,False,24,9,False,False,True,False,False,False
PRIMESECU,False,24,28,False,False,True,False,False,False
PRIMO,False,20,5,False,False,True,False,False,False
PRINCEPIPE,False,25,28,False,False,False,False,False,False
PRITI,False,25,4,False,False,False,False,False,False
PRITIKAUTO,False,24,4,False,False,False,False,False,False
PRIVISCL,False,24,31,False,False,False,False,False,False
PROSTARM,False,16,5,False,False,False,False,False,False
PROTEAN,False,19,5,False,False,False,False,False,False
PROZONER,False,25,30,False,False,True,False,False,False
PRSMJOHNSN,False,25,32,False,False,False,False,False,False
PRUDENT,False,24,16,False,False,False,False,False,False
PRUDMOULI,False,25,6,False,False,True,False,False,False
PSB,True,25,29,False,False,False,False,False,False
PSPPROJECT,False,24,32,False,False,False,False,False,False
PTC,False,25,32,False,False,True,False,False,False
PTCIL,False,25,11,False,False,False,False,False,False
PTL,False,25,37,False,False,True,False,False,False
PUNJABCHEM,False,25,30,False,False,False,False,False,False
PURVA,False,25,31,False,False,True,False,False,False
PVP,False,25,31,False,False,True,False,False,False
PVRINOX,False,29,31,False,False,True,False,False,False
PVSL,False,20,9,False,False,False,False,False,False
PWL,False,15,4,False,False,True,False,False,False
PYRAMID,False,25,12,False,False,False,False,False,False
QPOWER,False,21,6,False,False,True,False,False,False
QUADFUTURE,False,21,5,False,False,False,False,False,False
QUESS,False,24,31,False,False,False,False,False,False
QUICKHEAL,False,24,30,False,False,False,False,False,False
QUINTEGRA,False,23,6,False,False,False,False,False,False
RACE,False,25,4,False,False,True,False,False,False
RACLGEAR,False,21,6,False,False,False,False,False,False
RADAAN,False,25,7,False,False,True,False,False,False
RADHIKAJWE,False,25,14,False,False,True,False,False,False
RADIANTCMS,False,25,13,False,False,False,False,False,False
RADICO,True,29,29,False,False,True,False,False,False
RADIOCITY,False,24,9,False,False,False,False,False,False
RAILTEL,True,24,22,False,False,False,False,False,False
RAIN,False,25,29,False,False,False,False,False,False
RAINBOW,False,25,17,False,False,False,False,False,False
RAJESHEXPO,False,25,29,False,False,True,False,False,False
RAJMET,False,17,5,False,False,True,False,False,False
RAJOOENG,False,19,5,False,False,False,False,False,False
RAJPALAYAM,False,0,4,False,False,False,False,False,False
RAJRATAN,False,24,24,False,False,True,False,False,False
RAJRILTD,False,25,16,False,False,True,False,False,False
RAJSREESUG,False,25,10,False,False,True,False,False,False
RAJTV,False,25,9,False,False,False,False,False,False
RAJVIR,False,5,0,False,False,False,False,False,False
RALLIS,False,24,33,False,False,False,False,False,False
RAMANEWS,False,25,37,False,False,True,False,False,False
RAMAPHO,False,24,15,False,False,True,False,False,False
RAMASTEEL,False,25,31,False,False,True,False,False,False
RAMCOCEM,True,29,31,False,False,False,False,False,False
RAMCOIND,False,25,31,False,False,False,False,False,False
RAMCOSYS,False,25,32,False,False,False,False,False,False
RAMKY,False,25,30,False,False,False,False,False,False
RAMRAT,False,25,16,False,False,False,False,False,False
RANASUG,False,25,8,False,False,False,False,False,False
RANEENGINE,False,5,7,False,False,True,False,False,False
RANEHOLDIN,False,25,29,False,False,False,False,False,False
RATEGAIN,False,25,18,False,False,True,False,False,False
RATNAMANI,False,30,29,False,False,False,False,False,False
RATNAVEER,False,20,12,False,False,False,False,False,False
RAYMOND,False,23,29,False,False,True,False,False,False
RAYMONDLSL,False,19,7,False,False,True,False,False,False
RAYMONDREL,False,2,0,False,False,False,False,False,False
RBA,False,24,22,False,False,True,False,False,False
RBL,False,5,6,False,False,False,False,False,False
RBLBANK,True,29,27,False,False,False,False,False,False
RBZJEWEL,False,25,10,False,False,True,False,False,False
RCF,False,24,31,False,False,True,False,False,False
RCOM,False,25,28,False,False,True,False,False,False
RECLTD,True,20,30,False,False,True,False,False,False
REDINGTON,False,23,31,False,False,False,False,False,False
REDTAPE,False,20,11,False,False,True,False,False,False
REFEX,False,24,34,False,False,True,False,False,False
REGAAL,False,19,4,False,False,True,False,False,False
REGENCERAM,False,25,9,False,False,True,False,False,False
RELAXO,False,30,39,False,False,True,False,False,False
RELCAPITAL,False,4,24,False,False,True,False,False,False
RELCHEMQ,False,25,4,False,False,False,False,False,False
RELIABLE,False,23,4,False,False,True,False,False,False
RELIANCE,True,29,30,False,False,False,False,False,False
RELIGARE,False,25,27,False,False,True,False,False,False
RELINFRA,False,25,28,False,False,False,False,False,False
RELTD,False,23,7,False,False,True,False,False,False
REMSONSIND,False,25,9,False,False,False,False,False,False
RENUKA,False,24,31,False,False,False,False,False,False
REPCOHOME,False,25,31,False,False,True,False,False,False
REPL,False,24,5,False,False,False,False,False,False
REPRO,False,25,28,False,False,True,False,False,False
RESPONIND,False,25,27,False,False,False,False,False,False
RETAIL,False,14,2,False,False,False,False,False,False
RGL,False,25,31,False,False,False,False,False,False
RHETAN,False,20,5,False,False,False,False,False,False
RHFL,False,22,7,False,False,True,False,False,False
RHIM,False,25,32,False,False,True,False,False,False
RHL,False,20,12,False,False,True,False,False,False
RICOAUTO,False,24,29,False,False,False,False,False,False
RIIL,False,25,29,False,False,False,False,False,False
RISHABH,False,20,12,False,False,False,False,False,False
RITCO,False,25,16,False,False,False,False,False,False
RITES,False,25,31,False,False,False,False,False,False
RKDL,False,25,7,False,False,True,False,False,False
RKEC,False,22,5,False,False,False,False,False,False
RKFORGE,False,24,30,False,False,True,False,False,False
RKSWAMY,False,20,5,False,False,False,False,False,False
RMC,False,15,4,False,False,True,False,False,False
RMDRIP,False,19,4,False,False,True,False,False,False
RML,False,25,30,False,False,False,False,False,False
RNBDENIMS,False,20,4,False,False,False,False,False,False
ROHITFERRO,False,5,3,False,False,False,False,False,False
ROHLTD,False,25,30,False,False,True,False,False,False
ROLEXRINGS,False,25,20,False,False,False,False,False,False
ROLLT,False,25,7,False,False,True,False,False,False
ROLTA,False,5,5,False,False,True,False,False,False
ROML,False,25,6,False,False,False,False,False,False
ROSSARI,False,24,25,False,False,True,False,False,False
ROSSELLIND,False,25,8,False,False,True,False,False,False
ROSSTECH,False,13,5,False,False,True,False,False,False
ROTO,False,25,16,False,False,False,False,False,False
ROUTE,False,24,24,False,False,True,False,False,False
RPEL,False,21,7,False,False,True,False,False,False
RPGLIFE,False,23,38,False,False,True,False,False,False
RPOWER,False,25,29,False,False,False,False,False,False
RPPINFRA,False,25,8,False,False,True,False,False,False
RPPL,False,20,4,False,False,False,False,False,False
RPSGVENT,False,20,27,False,False,False,False,False,False
RPTECH,False,20,10,False,False,False,False,False,False
RRKABEL,False,24,11,False,False,False,False,False,False
RSL,False,10,4,False,False,False,False,False,False
RSSOFTWARE,False,27,8,False,False,True,False,False,False
RSWM,False,25,31,False,False,True,False,False,False
RSYSTEMS,False,25,30,False,False,False,False,False,False
RTNINDIA,False,23,29,False,False,True,False,False,False
RTNPOWER,False,24,30,False,False,True,False,False,False
RUBFILA,False,24,7,False,False,False,False,False,False
RUBICON,False,4,0,False,False,False,False,False,False
RUBYMILLS,False,24,38,False,False,True,False,False,False
RUCHINFRA,False,25,7,False,False,True,False,False,False
RUCHIRA,False,25,8,False,False,False,False,False,False
RUDRA,False,20,5,False,False,False,False,False,False
RUPA,False,25,34,False,False,False,False,False,False
RUSHIL,False,25,37,False,False,True,False,False,False
RUSTOMJEE,False,25,14,False,False,True,False,False,False
RVHL,False,24,22,False,False,True,False,False,False
RVNL,True,25,29,False,False,True,False,False,False
RVTH,False,20,5,False,False,True,False,False,False
S&SPOWER,False,25,5,False,False,False,False,False,False
SAATVIKGL,False,20,5,False,False,True,False,False,False
SABEVENTS,False,25,8,False,False,True,False,False,False
SABTN,False,5,6,False,False,True,False,False,False
SADBHAV,False,25,8,False,False,False,False,False,False
SADBHIN,False,25,7,False,False,False,False,False,False
SADHNANIQ,False,25,12,False,False,False,False,False,False
SAFARI,False,25,27,False,False,True,False,False,False
SAGARDEEP,False,17,6,False,False,True,False,False,False
SAGCEM,False,24,30,False,False,False,False,False,False
SAGILITY,True,17,6,False,False,False,False,False,False
SAHLIBHFI,False,20,4,False,False,False,False,False,False
SAHYADRI,False,25,5,False,False,False,False,False,False
SAIL,True,24,30,False,False,False,False,False,False
SAILIFE,True,20,6,False,False,False,False,False,False
SAIPARENT,False,10,3,False,False,True,False,False,False
SAKAR,False,25,28,False,False,False,False,False,False
SAKHTISUG,False,24,9,False,False,True,False,False,False
SAKSOFT,False,25,31,False,False,True,False,False,False
SAKUMA,False,25,26,False,False,True,False,False,False
SALASAR,False,25,28,False,False,False,False,False,False
SALONA,False,25,8,False,False,True,False,False,False
SALSTEEL,False,25,37,False,False,True,False,False,False
SALZERELEC,False,25,29,False,False,False,False,False,False
SAMBHAAV,False,25,10,False,False,False,False,False,False
SAMBHV,False,15,5,False,False,True,False,False,False
SAMHI,False,19,12,False,False,True,False,False,False
SAMMAANCAP,False,19,27,False,False,True,False,False,False
SAMPANN,False,28,9,False,False,True,False,False,False
SANATHAN,False,21,7,False,False,False,False,False,False
SANCO,False,5,6,False,False,True,False,False,False
SANDESH,False,25,28,False,False,True,False,False,False
SANDHAR,False,25,32,False,False,False,False,False,False
SANDUMA,False,25,11,False,False,True,False,False,False
SANGAMIND,False,25,38,False,False,True,False,False,False
SANGHIIND,False,25,36,False,False,False,False,False,False
SANGHVIFOR,False,5,3,False,False,False,False,False,False
SANGHVIMOV,False,25,37,False,False,False,False,False,False
SANGINITA,False,25,7,False,False,True,False,False,False
SANOFI,True,25,36,False,False,True,False,False,False
SANOFICONR,False,17,6,False,False,False,False,False,False
SANSERA,False,25,19,False,False,False,False,False,False
SANSTAR,False,23,8,False,False,True,False,False,False
SANWARIA,False,27,6,False,False,True,False,False,False
SAPPHIRE,True,24,17,False,False,False,False,False,False
SARDAEN,False,25,32,False,False,True,False,False,False
SAREGAMA,False,24,31,False,False,True,False,False,False
SARLAPOLY,False,25,30,False,False,True,False,False,False
SARVESHWAR,False,25,13,False,False,False,False,False,False
SASKEN,False,25,29,False,False,True,False,False,False
SASTASUNDR,False,25,29,False,False,True,False,False,False
SATIA,False,25,30,False,False,True,False,False,False
SATIN,False,24,27,False,False,False,False,False,False
SAURASHCEM,False,24,9,False,False,False,False,False,False
SAYAJIHOTL,False,0,4,False,False,False,False,False,False
SBC,False,25,17,False,False,False,False,False,False
SBCL,False,25,22,False,False,True,False,False,False
SBFC,False,24,12,False,False,True,False,False,False
SBGLP,False,25,12,False,False,True,False,False,False
SBICARD,True,24,27,False,False,False,False,False,False
SBILIFE,True,27,5,False,False,True,False,False,False
SBIN,True,32,28,False,False,False,False,False,False
SCHAEFFLER,True,25,34,False,False,False,False,False,False
SCHAND,False,25,33,False,False,False,False,False,False
SCHNEIDER,False,25,38,False,False,True,False,False,False
SCI,False,25,31,False,False,False,False,False,False
SCILAL,False,20,10,False,False,True,False,False,False
SCODATUBES,False,16,3,False,False,True,False,False,False
SCPL,False,25,14,False,False,False,False,False,False
SDBL,False,25,32,False,False,True,False,False,False
SEAMECLTD,False,25,30,False,False,True,False,False,False
SECMARK,False,25,5,False,False,False,False,False,False
SECURCRED,False,14,3,False,False,False,False,False,False
SECURKLOUD,False,26,9,False,False,True,False,False,False
SEDEMAC,False,10,4,False,False,True,False,False,False
SEJALLTD,False,19,18,False,False,True,False,False,False
SEL,False,0,4,False,False,True,False,False,False
SELMC,False,19,4,False,False,True,False,False,False
SEMAC,False,25,9,False,False,True,False,False,False
SENCO,False,25,12,False,False,False,False,False,False
SENORES,False,21,6,False,False,True,False,False,False
SEPC,False,25,30,False,False,True,False,False,False
SERVOTECH,False,25,18,False,False,True,False,False,False
SESHAPAPER,False,24,32,False,False,True,False,False,False
SETCO,False,25,28,False,False,False,False,False,False
SETL,False,21,6,False,False,True,False,False,False
SETUINFRA,False,4,6,False,False,True,False,False,False
SEYAIND,False,25,5,False,False,True,False,False,False
SFL,False,24,32,False,False,True,False,False,False
SGFIN,False,20,5,False,False,True,False,False,False
SGIL,False,25,19,False,False,False,False,False,False
SGL,False,25,7,False,False,True,False,False,False
SGMART,False,19,5,False,False,True,False,False,False
SHADOWFAX,False,11,4,False,False,True,False,False,False
SHAH,False,25,31,False,False,True,False,False,False
SHAHALLOYS,False,25,8,False,False,True,False,False,False
SHAILY,False,25,17,False,False,False,False,False,False
SHAKTIPUMP,False,25,32,False,False,True,False,False,False
SHALBY,False,25,30,False,False,True,False,False,False
SHALPAINTS,False,25,8,False,False,False,False,False,False
SHANKARA,False,25,34,False,False,True,False,False,False
SHANTI,False,22,4,False,False,True,False,False,False
SHANTIGEAR,False,24,37,False,False,True,False,False,False
SHANTIGOLD,False,20,5,False,False,True,False,False,False
SHARDACROP,False,24,29,False,False,False,False,False,False
SHARDAMOTR,False,25,29,False,False,True,False,False,False
SHARDUL,False,0,4,False,False,True,False,False,False
SHAREINDIA,False,19,23,False,False,True,False,False,False
SHEKHAWATI,False,24,9,False,False,True,False,False,False
SHEMAROO,False,24,9,False,False,False,False,False,False
SHILCTECH,False,19,5,False,False,True,False,False,False
SHILPAMED,False,25,30,False,False,False,False,False,False
SHIVALIK,False,20,4,False,False,False,False,False,False
SHIVAMAUTO,False,25,37,False,False,True,False,False,False
SHIVAMILLS,False,25,8,False,False,True,False,False,False
SHIVATEX,False,25,37,False,False,True,False,False,False
SHIVAUM,False,15,4,False,False,False,False,False,False
SHK,False,25,31,False,False,True,False,False,False
SHOPERSTOP,False,24,29,False,False,True,False,False,False
SHRADHA,False,25,5,False,False,True,False,False,False
SHREDIGCEM,False,24,28,False,False,False,False,False,False
SHREECEM,True,29,30,False,False,False,False,False,False
SHREEJISPG,False,16,3,False,False,False,False,False,False
SHREEPUSHK,False,25,29,False,False,True,False,False,False
SHREERAMA,False,24,37,False,False,False,False,False,False
SHRENIK,False,11,5,False,False,True,False,False,False
SHREYANIND,False,25,7,False,False,True,False,False,False
SHRINGARMS,False,20,5,False,False,True,False,False,False
SHRIPISTON,False,24,29,False,False,False,False,False,False
SHRIRAMCIT,False,3,2,False,False,False,False,False,False
SHRIRAMFIN,True,24,28,False,False,True,False,False,False
SHRIRAMPPS,False,25,17,False,False,True,False,False,False
SHYAMCENT,False,25,10,False,False,True,False,False,False
SHYAMMETL,False,24,21,False,False,True,False,False,False
SHYAMTEL,False,25,7,False,False,True,False,False,False
SICAGEN,False,5,9,False,False,True,False,False,False
SICAL,False,5,6,False,False,False,False,False,False
SICALLOG,False,25,11,False,False,False,False,False,False
SIEMENS,True,26,30,False,False,False,False,False,False
SIGACHI,False,23,16,False,False,False,False,False,False
SIGIND,False,25,7,False,False,False,False,False,False
SIGMA,False,25,12,False,False,False,False,False,False
SIGMAADV,False,25,31,False,False,True,False,False,False
SIGNATURE,False,25,12,False,False,True,False,False,False
SIGNPOST,False,20,9,False,False,True,False,False,False
SIKKO,False,20,5,False,False,False,False,False,False
SIL,False,25,9,False,False,True,False,False,False
SILGO,False,25,5,False,False,True,False,False,False
SILINV,False,25,28,False,False,True,False,False,False
SILLYMONKS,False,25,6,False,False,False,False,False,False
SILVERTUC,False,25,17,False,False,False,False,False,False
SIMBHALS,False,22,7,False,False,False,False,False,False
SIMPLEXINF,False,25,28,False,False,False,False,False,False
SINCLAIR,False,24,9,False,False,True,False,False,False
SINDHUTRAD,False,27,11,False,False,False,False,False,False
SINTERCOM,False,25,4,False,False,False,False,False,False
SINTEX,False,5,4,False,False,True,False,False,False
SIRCA,False,25,29,False,False,False,False,False,False
SIS,False,25,32,False,False,False,False,False,False
SITINET,False,25,7,False,False,False,False,False,False
SIYSIL,False,25,31,False,False,True,False,False,False
SJS,False,23,18,False,False,False,False,False,False
SJVN,True,25,29,False,False,False,False,False,False
SKFINDIA,False,25,34,False,False,False,False,False,False
SKFINDUS,False,1,2,False,False,True,False,False,False
SKIL,False,14,8,False,False,True,False,False,False
SKIPPER,False,24,33,False,False,True,False,False,False
SKMEGGPROD,False,24,31,False,False,True,False,False,False
SKYGOLD,False,25,14,False,False,True,False,False,False
SMARTLINK,False,25,9,False,False,True,False,False,False
SMARTWORKS,False,19,4,False,False,True,False,False,False
SMCGLOBAL,False,24,22,False,False,False,False,False,False
SMLMAH,False,24,34,False,False,True,False,False,False
SMLT,False,27,4,False,False,False,False,False,False
SMSPHARMA,False,25,31,False,False,False,False,False,False
SNOWMAN,False,24,37,False,False,False,False,False,False
SOBHA,False,24,30,False,False,False,False,False,False
SOFTTECH,False,24,16,False,False,False,False,False,False
SOLARA,False,25,30,False,False,False,False,False,False
SOLARINDS,True,25,29,False,False,True,False,False,False
SOLARWORLD,False,19,5,False,False,True,False,False,False
SOLEX,False,20,5,False,False,True,False,False,False
SOMANYCERA,False,25,31,False,False,False,False,False,False
SOMATEX,False,25,30,False,False,True,False,False,False
SOMICONVEY,False,25,8,False,False,True,False,False,False
SONACOMS,True,24,20,False,False,False,False,False,False
SONAMLTD,False,17,4,False,False,False,False,False,False
SONATSOFTW,False,25,32,False,False,False,False,False,False
SORILINFRA,False,5,6,False,False,False,False,False,False
SOTL,False,25,36,False,False,True,False,False,False
SOUTHBANK,False,32,33,False,False,False,False,False,False
SOUTHWEST,False,25,27,False,False,False,False,False,False
SPAL,False,25,32,False,False,False,False,False,False
SPANDANA,False,29,26,False,False,True,False,False,False
SPARC,False,24,39,False,False,True,False,False,False
SPCENET,False,25,34,False,False,True,False,False,False
SPECIALITY,False,25,31,False,False,True,False,False,False
SPECTRUM,False,19,4,False,False,False,False,False,False
SPENCERS,False,20,28,False,False,False,False,False,False
SPIC,False,25,30,False,False,True,False,False,False
SPICEJET,False,0,4,False,False,False,False,False,False
SPLIL,False,25,8,False,False,True,False,False,False
SPLPETRO,False,24,16,False,False,False,False,False,False
SPMLINFRA,False,25,30,False,False,True,False,False,False
SPORTKING,False,24,15,False,False,False,False,False,False
SPTL,False,5,7,False,False,True,False,False,False
SRD,False,22,6,False,False,False,False,False,False
SREEL,False,25,37,False,False,True,False,False,False
SREINFRA,False,0,4,False,False,False,False,False,False
SRF,True,29,29,False,False,False,False,False,False
SRGHFL,False,25,11,False,False,False,False,False,False
SRHHYPOLTD,False,25,32,False,False,True,False,False,False
SRIPIPES,False,5,3,False,False,False,False,False,False
SRM,False,24,8,False,False,True,False,False,False
SRPL,False,15,4,False,False,True,False,False,False
SRTL,False,16,5,False,False,False,False,False,False
SSDL,False,23,7,False,False,False,False,False,False
SSWL,False,25,37,False,False,True,False,False,False
STALLION,False,21,6,False,False,True,False,False,False
STANLEY,False,24,8,False,False,False,False,False,False
STAR,True,29,30,False,False,False,False,False,False
STARCEMENT,False,23,32,False,False,False,False,False,False
STARHEALTH,True,26,5,False,False,False,False,False,False
STARPAPER,False,25,8,False,False,False,False,False,False
STARTECK,False,25,5,False,False,False,False,False,False
STCINDIA,False,25,35,False,False,True,False,False,False
STEELCAS,False,24,17,False,False,True,False,False,False
STEELCITY,False,23,8,False,False,False,False,False,False
STEELXIND,False,25,35,False,False,False,False,False,False
STEL,False,25,31,False,False,True,False,False,False
STERTOOLS,False,25,32,False,False,True,False,False,False
STLNETWORK,False,6,2,False,False,False,False,False,False
STLTECH,False,24,29,False,False,False,False,False,False
STOVEKRAFT,False,25,21,False,False,False,False,False,False
STUDDS,False,3,4,False,False,False,False,False,False
STYL,False,19,5,False,False,True,False,False,False
STYLAMIND,False,25,18,False,False,False,False,False,False
STYLEBAAZA,False,23,8,False,False,False,False,False,False
STYRENIX,False,25,37,False,False,False,False,False,False
SUBCAPCITY,False,5,5,False,False,True,False,False,False
SUBEXLTD,False,25,23,False,False,False,False,False,False
SUBROS,False,25,31,False,False,False,False,False,False
SUDARCOLOR,False,24,36,False,False,False,False,False,False
SUDARSCHEM,False,25,29,False,False,True,False,False,False
SUDEEPPHRM,False,15,3,False,False,False,False,False,False
SUKHJITS,False,20,14,False,False,False,False,False,False
SULA,False,25,14,False,False,False,False,False,False
SUMEETINDS,False,25,26,False,False,True,False,False,False
SUMICHEM,False,24,27,False,False,False,False,False,False
SUMIT,False,25,6,False,False,True,False,False,False
SUMMITSEC,False,24,28,False,False,True,False,False,False
SUNCLAY,False,20,10,False,False,True,False,False,False
SUNDARAM,False,25,8,False,False,True,False,False,False
SUNDARMFIN,True,24,26,False,False,False,False,False,False
SUNDRMBRAK,False,25,9,False,False,False,False,False,False
SUNDRMFAST,False,24,31,False,False,False,False,False,False
SUNDROP,False,25,29,False,False,True,False,False,False
SUNFLAG,False,25,26,False,False,False,False,False,False
SUNPHARMA,True,29,31,False,False,False,False,False,False
SUNTECK,False,24,29,False,False,True,False,False,False
SUNTV,True,30,28,False,False,False,False,False,False
SUPERHOUSE,False,25,6,False,False,False,False,False,False
SUPERSPIN,False,24,4,False,False,True,False,False,False
SUPPETRO,False,5,4,False,False,True,False,False,False
SUPRAJIT,False,25,31,False,False,True,False,False,False
SUPREME,False,21,6,False,False,True,False,False,False
SUPREMEENG,False,11,4,False,False,False,False,False,False
SUPREMEIND,True,29,29,False,False,False,False,False,False
SUPREMEINF,False,25,28,False,False,True,False,False,False
SUPRIYA,False,25,18,False,False,False,False,False,False
SURAJEST,False,19,10,False,False,False,False,False,False
SURAJLTD,False,22,7,False,False,False,False,False,False
SURAKSHA,False,22,7,False,False,False,False,False,False
SURANASOL,False,24,8,False,False,True,False,False,False
SURANAT&P,False,25,4,False,False,False,False,False,False
SURYALAXMI,False,25,9,False,False,True,False,False,False
SURYAROSNI,False,30,27,False,False,False,False,False,False
SURYODAY,False,27,15,False,False,False,False,False,False
SUTLEJTEX,False,25,28,False,False,True,False,False,False
SUULD,False,14,4,False,False,True,False,False,False
SUVEN,False,25,31,False,False,True,False,False,False
SUVIDHAA,False,25,5,False,False,True,False,False,False
SUYOG,False,22,6,False,False,False,False,False,False
SUZLON,True,25,31,False,False,True,False,False,False
SVLL,False,21,12,False,False,False,False,False,False
SVPGLOB,False,25,4,False,False,True,False,False,False
SWANCORP,False,25,31,False,False,True,False,False,False
SWANDEF,False,21,6,False,False,True,False,False,False
SWARAJENG,False,23,35,False,False,False,False,False,False
SWELECTES,False,25,30,False,False,True,False,False,False
SWIGGY,True,21,7,False,False,True,False,False,False
SWSOLAR,False,24,27,False,False,True,False,False,False
SYMPHONY,False,24,32,False,False,False,False,False,False
SYNCOMF,False,25,12,False,False,True,False,False,False
SYNGENE,True,24,29,False,False,False,False,False,False
SYRMA,False,24,15,False,False,True,False,False,False
SYSTMTXC,False,20,4,False,False,True,False,False,False
TAINWALCHM,False,25,9,False,False,True,False,False,False
TAJGVK,False,25,30,False,False,True,False,False,False
TAKE,False,24,29,False,False,True,False,False,False
TALBROAUTO,False,25,32,False,False,False,False,False,False
TANLA,False,23,30,False,False,True,False,False,False
TARACHAND,False,19,10,False,False,False,False,False,False
TARAPUR,False,25,5,False,False,True,False,False,False
TARC,False,25,22,False,False,True,False,False,False
TARIL,False,25,28,False,False,True,False,False,False
TARMAT,False,25,6,False,False,False,False,False,False
TARSONS,False,20,18,False,False,False,False,False,False
TASTYBITE,False,25,37,False,False,True,False,False,False
TATACAP,True,8,4,False,False,True,False,False,False
TATACHEM,False,24,30,False,False,False,False,False,False
TATACOFFEE,False,5,6,False,False,False,False,False,False
TATACOMM,False,24,31,False,False,False,False,False,False
TATACONSUM,True,29,31,False,False,False,False,False,False
TATAELXSI,True,29,32,False,False,True,False,False,False
TATAINVEST,True,24,29,False,False,True,False,False,False
TATAMETALI,False,5,26,False,False,True,False,False,False
TATAMOTORS,True,0,0,False,False,False,False,True,False
TATAMTRDVR,False,5,6,False,False,False,False,False,False
TATAPOWER,True,30,31,False,False,True,False,False,False
TATASTEEL,True,29,31,False,False,True,False,False,False
TATASTLBSL,False,5,4,False,False,False,False,False,False
TATASTLLP,False,5,5,False,False,True,False,False,False
TATATECH,False,23,10,False,False,False,False,False,False
TATVA,False,25,19,False,False,False,False,False,False
TBOTEK,False,23,9,False,False,True,False,False,False
TBZ,False,25,30,False,False,False,False,False,False
TCI,False,24,30,False,False,True,False,False,False
TCIDEVELOP,False,5,6,False,False,True,False,False,False
TCIEXP,False,25,38,False,False,True,False,False,False
TCIFINANCE,False,21,7,False,False,True,False,False,False
TCNSBRANDS,False,5,6,False,False,False,False,False,False
TCPLPACK,False,25,33,False,False,True,False,False,False
TCS,True,28,29,False,False,False,False,False,False
TDPOWERSYS,False,23,31,False,False,False,False,False,False
TEAMGTY,False,25,7,False,False,True,False,False,False
TEAMLEASE,False,24,32,False,False,False,False,False,False
TECHIN,False,25,6,False,False,False,False,False,False
TECHM,True,29,30,False,False,False,False,False,False
TECHNOE,False,25,29,False,False,True,False,False,False
TECILCHEM,False,25,7,False,False,False,False,False,False
TEGA,False,20,18,False,False,False,False,False,False
TEJASNET,False,23,29,False,False,True,False,False,False
TEMBO,False,25,20,False,False,True,False,False,False
TENNIND,False,15,3,False,False,False,False,False,False
TERASOFT,False,25,39,False,False,True,False,False,False
TEXINFRA,False,25,29,False,False,True,False,False,False
TEXMOPIPES,False,25,7,False,False,False,False,False,False
TEXRAIL,False,25,29,False,False,True,False,False,False
TFCILTD,False,25,36,False,False,False,False,False,False
TFL,False,25,8,False,False,True,False,False,False
TGBHOTELS,False,25,8,False,False,True,False,False,False
THANGAMAYL,False,24,34,False,False,True,False,False,False
THEINVEST,False,25,32,False,False,True,False,False,False
THEJO,False,25,11,False,False,False,False,False,False
THELEELA,False,17,5,False,False,True,False,False,False
THEMISMED,False,25,30,False,False,True,False,False,False
THERMAX,True,30,30,False,False,False,False,False,False
THOMASCOOK,False,25,28,False,False,True,False,False,False
THOMASCOTT,False,25,36,False,False,True,False,False,False
THYROCARE,False,23,29,False,False,False,False,False,False
TI,False,24,30,False,False,False,False,False,False
TICL,False,25,10,False,False,True,False,False,False
TIGERLOGS,False,20,4,False,False,True,False,False,False
TIIL,False,25,31,False,False,False,False,False,False
TIINDIA,True,24,33,False,False,True,False,False,False
TIJARIA,False,27,6,False,False,True,False,False,False
TIL,False,25,29,False,False,True,False,False,False
TIMETECHNO,False,25,29,False,False,False,False,False,False
TIMEX,False,0,5,False,False,False,False,False,False
TIMKEN,True,29,37,False,False,True,False,False,False
TINNARUBR,False,20,5,False,False,False,False,False,False
TINPLATE,False,5,26,False,False,True,False,False,False
TIPSFILMS,False,20,5,False,False,True,False,False,False
TIPSMUSIC,False,24,38,False,False,True,False,False,False
TIRUMALCHM,False,25,31,False,False,True,False,False,False
TIRUPATIFL,False,25,24,False,False,True,False,False,False
TITAGARH,False,25,34,False,False,True,False,False,False
TITAN,True,29,31,False,False,False,False,False,False
TMB,False,26,11,False,False,False,False,False,False
TMCV,False,10,3,False,False,True,False,False,False
TMPV,False,25,31,False,False,False,False,False,False
TNPETRO,False,25,32,False,False,True,False,False,False
TNPL,False,24,36,False,False,False,False,False,False
TNTELE,False,27,6,False,False,False,False,False,False
TOKYOPLAST,False,24,8,False,False,False,False,False,False
TOLINS,False,23,7,False,False,True,False,False,False
TORNTPHARM,True,30,32,False,False,False,False,False,False
TORNTPOWER,True,25,31,False,False,True,False,False,False
TOTAL,False,25,5,False,False,True,False,False,False
TOUCHWOOD,False,25,6,False,False,True,False,False,False
TPHQ,False,24,7,False,False,True,False,False,False
TPLPLASTEH,False,25,36,False,False,False,False,False,False
TRACXN,False,25,15,False,False,False,False,False,False
TRANSPEK,False,0,4,False,False,False,False,False,False
TRANSRAILL,False,21,7,False,False,False,False,False,False
TRANSWORLD,False,25,29,False,False,True,False,False,False
TRAVELFOOD,False,19,5,False,False,True,False,False,False
TREEHOUSE,False,25,9,False,False,True,False,False,False
TREJHARA,False,20,8,False,False,True,False,False,False
TREL,False,20,10,False,False,False,False,False,False
TRENT,True,30,31,False,False,True,False,False,False
TRF,False,24,30,False,False,False,False,False,False
TRIDENT,False,25,31,False,False,False,False,False,False
TRIGYN,False,25,9,False,False,False,False,False,False
TRITURBINE,False,25,31,False,False,False,False,False,False
TRIVENI,False,24,30,False,False,False,False,False,False
TRU,False,20,4,False,False,True,False,False,False
TRUALT,False,16,5,False,False,True,False,False,False
TSFINV,False,25,27,False,False,True,False,False,False
TTKHLTCARE,False,24,31,False,False,False,False,False,False
TTKPRESTIG,False,24,31,False,False,False,False,False,False
TTL,False,25,33,False,False,True,False,False,False
TTML,False,24,37,False,False,True,False,False,False
TV18BRDCST,False,5,6,False,False,True,False,False,False
TVSELECT,False,25,33,False,False,True,False,False,False
TVSHLTD,True,23,31,False,False,False,False,False,False
TVSMOTOR,True,29,31,False,False,False,False,False,False
TVSSCS,False,25,12,False,False,False,False,False,False
TVSSRICHAK,False,25,30,False,False,False,False,False,False
TVTODAY,False,25,32,False,False,False,False,False,False
TVVISION,False,25,8,False,False,False,False,False,False
UBL,True,24,31,False,False,False,False,False,False
UCAL,False,25,7,False,False,False,False,False,False
UCOBANK,True,23,28,False,False,False,False,False,False
UDAICEMENT,False,4,1,False,False,False,False,False,False
UDS,False,25,11,False,False,False,False,False,False
UEL,False,20,9,False,False,False,False,False,False
UFBL,False,25,22,False,False,True,False,False,False
UFLEX,False,25,28,False,False,False,False,False,False
UFO,False,25,29,False,False,True,False,False,False
UGARSUGAR,False,25,33,False,False,True,False,False,False
UGROCAP,False,20,19,False,False,True,False,False,False
UJAAS,False,5,6,False,False,True,False,False,False
UJJIVAN,False,5,5,False,False,False,False,False,False
UJJIVANSFB,False,29,22,False,False,True,False,False,False
ULTRACEMCO,True,28,29,False,False,False,False,False,False
ULTRAMAR,False,0,5,False,False,False,False,False,False
UMAEXPORTS,False,25,4,False,False,False,False,False,False
UMANGDAIRY,False,5,6,False,False,False,False,False,False
UMESLTD,False,25,8,False,False,True,False,False,False
UMIYA-MRO,False,24,9,False,False,True,False,False,False
UNICHEMLAB,False,25,31,False,False,False,False,False,False
UNIDT,False,25,6,False,False,False,False,False,False
UNIECOM,False,20,8,False,False,True,False,False,False
UNIENTER,False,24,34,False,False,True,False,False,False
UNIINFO,False,25,4,False,False,False,False,False,False
UNIMECH,False,21,6,False,False,True,False,False,False
UNIONBANK,True,32,31,False,False,False,False,False,False
UNIPARTS,False,25,14,False,False,False,False,False,False
UNITDSPR,True,29,31,False,False,True,False,False,False
UNITECH,False,25,30,False,False,True,False,False,False
UNITEDPOLY,False,25,18,False,False,False,False,False,False
UNITEDTEA,False,23,38,False,False,False,False,False,False
UNIVAFOODS,False,19,8,False,False,True,False,False,False
UNIVASTU,False,22,5,False,False,False,False,False,False
UNIVCABLES,False,25,31,False,False,False,False,False,False
UNIVPHOTO,False,25,26,False,False,True,False,False,False
UNOMINDA,True,25,32,False,False,True,False,False,False
UPL,True,24,29,False,False,True,False,False,False
URAVIDEF,False,25,4,False,False,False,False,False,False
URBANCO,False,19,5,False,False,False,False,False,False
URJA,False,23,30,False,False,True,False,False,False
USHAMART,False,25,30,False,False,False,False,False,False
USK,False,20,4,False,False,True,False,False,False
UTIAMC,False,24,24,False,False,False,False,False,False
UTKARSHBNK,False,20,11,False,False,False,False,False,False
UTLSOLAR,False,19,5,False,False,True,False,False,False
UTTAMSTL,False,5,4,False,False,False,False,False,False
UTTAMSUGAR,False,25,39,False,False,True,False,False,False
UYFINCORP,False,21,6,False,False,True,False,False,False
V2RETAIL,False,25,33,False,False,True,False,False,False
VADILALIND,False,24,31,False,False,True,False,False,False
VAIBHAVGBL,False,24,32,False,False,False,False,False,False
VAISHALI,False,22,6,False,False,False,False,False,False
VAKRANGEE,False,24,29,False,False,True,False,False,False
VALIANTLAB,False,25,11,False,False,True,False,False,False
VALIANTORG,False,25,20,False,False,False,False,False,False
VARDHACRLC,False,23,37,False,False,False,False,False,False
VARDMNPOLY,False,25,38,False,False,True,False,False,False
VARROC,False,25,29,False,False,False,False,False,False
VASCONEQ,False,25,29,False,False,True,False,False,False
VASWANI,False,25,8,False,False,False,False,False,False
VBL,True,25,30,False,False,False,False,False,False
VCL,False,24,4,False,False,True,False,False,False
VEDL,True,29,31,False,False,True,False,False,False
VEEDOL,False,25,31,False,False,False,False,False,False
VENKEYS,False,25,37,False,False,False,False,False,False
VENTIVE,False,21,6,False,False,True,False,False,False
VENUSPIPES,False,25,17,False,False,False,False,False,False
VENUSREM,False,25,34,False,False,True,False,False,False
VERANDA,False,24,15,False,False,True,False,False,False
VERTOZ,False,25,25,False,False,True,False,False,False
VESUVIUS,False,25,36,False,False,True,False,False,False
VETO,False,25,8,False,False,False,False,False,False
VGL,False,25,36,False,False,True,False,False,False
VGUARD,False,24,28,False,False,False,False,False,False
VHL,False,25,28,False,False,True,False,False,False
VHLTD,False,24,9,False,False,True,False,False,False
VIDHIING,False,25,33,False,False,True,False,False,False
VIDYAWIRES,False,19,5,False,False,False,False,False,False
VIJAYA,False,24,18,False,False,False,False,False,False
VIJIFIN,False,25,8,False,False,True,False,False,False
VIKASECO,False,25,7,False,False,True,False,False,False
VIKASLIFE,False,23,5,False,False,True,False,False,False
VIKRAMSOLR,False,16,5,False,False,False,False,False,False
VIKRAN,False,16,4,False,False,False,False,False,False
VIMTALABS,False,25,30,False,False,False,False,False,False
VINATIORGA,False,23,33,False,False,True,False,False,False
VINCOFE,False,22,7,False,False,True,False,False,False
VINDHYATEL,False,25,31,False,False,True,False,False,False
VINEETLAB,False,27,5,False,False,True,False,False,False
VINNY,False,25,5,False,False,False,False,False,False
VINYLINDIA,False,25,37,False,False,True,False,False,False
VIPCLOTHNG,False,25,7,False,False,False,False,False,False
VIPIND,False,25,32,False,False,True,False,False,False
VIPULLTD,False,25,7,False,False,True,False,False,False
VIRINCHI,False,25,10,False,False,False,False,False,False
VISACHROME,False,0,4,False,False,False,False,False,False
VISAKAIND,False,25,34,False,False,True,False,False,False
VISASTEEL,False,25,30,False,False,True,False,False,False
VISESHINFO,False,25,9,False,False,True,False,False,False
VISHAL,False,20,4,False,False,False,False,False,False
VISHNU,False,25,31,False,False,True,False,False,False
VISHWARAJ,False,27,6,False,False,False,False,False,False
VITAL,False,15,4,False,False,True,False,False,False
VIVIDHA,False,25,8,False,False,True,False,False,False
VIVIMEDLAB,False,25,7,False,False,True,False,False,False
VIYASH,False,25,31,False,False,True,False,False,False
VLEGOV,False,16,4,False,False,True,False,False,False
VLSFINANCE,False,25,28,False,False,True,False,False,False
VMART,False,25,37,False,False,True,False,False,False
VMM,False,21,6,False,False,False,False,False,False
VMSTMT,False,20,4,False,False,True,False,False,False
VOLTAMP,False,25,39,False,False,True,False,False,False
VOLTAS,True,30,31,False,False,False,False,False,False
VPRPL,False,25,11,False,False,False,False,False,False
VRAJ,False,24,8,False,False,False,False,False,False
VRLLOG,False,24,36,False,False,False,False,False,False
VSSL,False,24,35,False,False,False,False,False,False
VSTIND,False,29,35,False,False,False,False,False,False
VSTL,False,25,5,False,False,False,False,False,False
VSTTILLERS,False,25,39,False,False,True,False,False,False
VTL,False,24,32,False,False,True,False,False,False
WAAREEENER,False,19,6,False,False,True,False,False,False
WAAREEINDO,False,24,32,False,False,True,False,False,False
WAAREERTL,False,20,5,False,False,True,False,False,False
WABAG,False,25,31,False,False,False,False,False,False
WAKEFIT,False,14,4,False,False,False,False,False,False
WALCHANNAG,False,25,39,False,False,True,False,False,False
WANBURY,False,25,31,False,False,False,False,False,False
WATERBASE,False,20,4,False,False,False,False,False,False
WCIL,False,23,8,False,False,False,False,False,False
WEALTH,False,25,22,False,False,True,False,False,False
WEBELSOLAR,False,24,39,False,False,True,False,False,False
WEIZMANIND,False,25,8,False,False,False,False,False,False
WEL,False,20,17,False,False,True,False,False,False
WELCORP,True,24,30,False,False,True,False,False,False
WELENT,False,25,32,False,False,True,False,False,False
WELINV,False,25,37,False,False,True,False,False,False
WELSPUNLIV,False,25,31,False,False,False,False,False,False
WENDT,False,24,29,False,False,False,False,False,False
WESTLIFE,True,24,12,False,False,False,False,False,False
WEWIN,False,25,5,False,False,False,False,False,False
WEWORK,False,4,2,False,False,False,False,False,False
WHEELS,False,25,30,False,False,False,False,False,False
WHIRLPOOL,True,29,31,False,False,False,False,False,False
WILLAMAGOR,False,25,8,False,False,True,False,False,False
WIMPLAST,False,0,4,False,False,False,False,False,False
WINDLAS,False,25,20,False,False,False,False,False,False
WINDMACHIN,False,25,30,False,False,True,False,False,False
WINSOME,False,22,8,False,False,True,False,False,False
WIPL,False,25,7,False,False,False,False,False,False
WIPRO,True,32,28,False,False,False,False,False,False
WOCKPHARMA,True,24,31,False,False,False,False,False,False
WONDERLA,False,25,39,False,False,True,False,False,False
WORTHPERI,False,24,24,False,False,False,False,False,False
WSI,False,25,33,False,False,True,False,False,False
WSTCSTPAPR,False,25,31,False,False,False,False,False,False
XCHANGING,False,24,30,False,False,False,False,False,False
XELPMOC,False,25,7,False,False,True,False,False,False
XPROINDIA,False,25,33,False,False,False,False,False,False
XTGLOBAL,False,22,4,False,False,False,False,False,False
YASHO,False,25,11,False,False,False,False,False,False
YATHARTH,False,25,12,False,False,False,False,False,False
YATRA,False,20,12,False,False,True,False,False,False
YESBANK,True,32,30,False,False,False,False,False,False
YUKEN,False,25,18,False,False,False,False,False,False
ZAGGLE,False,20,12,False,False,True,False,False,False
ZEEL,False,29,31,False,False,False,False,False,False
ZEELEARN,False,25,9,False,False,True,False,False,False
ZEEMEDIA,False,25,29,False,False,False,False,False,False
ZENITHEXPO,False,25,8,False,False,True,False,False,False
ZENITHSTL,False,25,9,False,False,True,False,False,False
ZENSARTECH,False,24,27,False,False,False,False,False,False
ZENTEC,False,24,30,False,False,True,False,False,False
ZFCVINDIA,True,24,37,False,False,False,False,False,False
ZFSTEERING,False,0,5,False,False,False,False,False,False
ZIMLAB,False,20,14,False,False,False,False,False,False
ZODIAC,False,5,3,False,False,True,False,False,False
ZODIACLOTH,False,25,8,False,False,False,False,False,False
ZODJRDMKJ,False,5,5,False,False,True,False,False,False
ZOMATO,True,0,0,False,False,False,False,True,False
ZOTA,False,24,27,False,False,True,False,False,False
ZUARI,False,25,9,False,False,True,False,False,False
ZUARIIND,False,25,32,False,False,False,False,False,False
ZYDUSLIFE,True,29,31,False,False,False,False,False,False
ZYDUSWELL,False,24,29,False,False,False,False,False,False
